Date,Consumption
2012-01-01,948.128
2012-01-02,1269.581
2012-01-03,1334.745
2012-01-04,1347.1359999999995
2012-01-05,1376.658
2012-01-06,1291.215
2012-01-07,1175.6879999999996
2012-01-08,1103.3830000000003
2012-01-09,1443.3709999999994
2012-01-10,1434.631
2012-01-11,1449.7679999999998
2012-01-12,1442.4480000000005
2012-01-13,1403.402
2012-01-14,1203.1650000000004
2012-01-15,1150.9199999999996
2012-01-16,1487.7820000000006
2012-01-17,1518.0740000000005
2012-01-18,1498.8090000000007
2012-01-19,1470.066
2012-01-20,1448.5539999999999
2012-01-21,1242.3069999999998
2012-01-22,1120.283
2012-01-23,1454.4699999999998
2012-01-24,1493.9540000000006
2012-01-25,1498.37
2012-01-26,1483.5859999999993
2012-01-27,1458.9670000000006
2012-01-28,1256.093
2012-01-29,1149.243
2012-01-30,1454.1700000000005
2012-01-31,1485.711
2012-02-01,1511.866
2012-02-02,1563.4069999999995
2012-02-03,1563.631
2012-02-04,1372.6140000000005
2012-02-05,1279.432
2012-02-06,1574.766
2012-02-07,1615.0779999999993
2012-02-08,1613.774
2012-02-09,1591.5319999999995
2012-02-10,1581.287
2012-02-11,1377.404
2012-02-12,1264.254
2012-02-13,1561.987
2012-02-14,1550.3660000000002
2012-02-15,1476.0369999999998
2012-02-16,1504.119
2012-02-17,1438.8569999999993
2012-02-18,1236.0690000000004
2012-02-19,1107.431
2012-02-20,1401.8730000000005
2012-02-21,1434.533
2012-02-22,1453.507
2012-02-23,1427.402
2012-02-24,1373.8000000000004
2012-02-25,1133.1840000000002
2012-02-26,1086.743
2012-02-27,1436.0949999999998
2012-02-28,1408.211
2012-02-29,1434.062
2012-03-01,1411.553
2012-03-02,1402.006
2012-03-03,1186.275
2012-03-04,1072.0779999999997
2012-03-05,1388.816
2012-03-06,1433.1660000000006
2012-03-07,1455.451
2012-03-08,1412.1809999999994
2012-03-09,1399.515
2012-03-10,1153.1719999999998
2012-03-11,1042.487
2012-03-12,1347.4630000000002
2012-03-13,1391.174
2012-03-14,1403.8359999999998
2012-03-15,1411.7500000000002
2012-03-16,1365.1070000000002
2012-03-17,1156.4900000000002
2012-03-18,1062.4589999999996
2012-03-19,1323.263
2012-03-20,1377.97
2012-03-21,1382.4089999999999
2012-03-22,1390.4289999999999
2012-03-23,1359.065
2012-03-24,1150.784
2012-03-25,1026.274
2012-03-26,1330.8149999999996
2012-03-27,1337.854
2012-03-28,1310.0330000000004
2012-03-29,1290.457
2012-03-30,1277.08
2012-03-31,1085.7839999999999
2012-04-01,1115.065
2012-04-02,1370.145
2012-04-03,1340.1239999999996
2012-04-04,1391.355
2012-04-05,1356.5290000000005
2012-04-06,1095.619
2012-04-07,1048.47
2012-04-08,927.2230000000001
2012-04-09,1030.772
2012-04-10,1349.7379999999996
2012-04-11,1398.8559999999993
2012-04-12,1288.302
2012-04-13,1292.923
2012-04-14,1222.985
2012-04-15,1166.63
2012-04-16,1419.061
2012-04-17,1414.206
2012-04-18,1440.0519999999995
2012-04-19,1418.122
2012-04-20,1393.302
2012-04-21,1214.4899999999998
2012-04-22,1063.047
2012-04-23,1310.9099999999996
2012-04-24,1320.7230000000004
2012-04-25,1361.3950000000002
2012-04-26,1427.0929999999996
2012-04-27,1400.451
2012-04-28,1176.568
2012-04-29,1029.0789999999997
2012-04-30,1149.575
2012-05-01,987.135
2012-05-02,1342.8210000000001
2012-05-03,1388.235
2012-05-04,1358.086
2012-05-05,1131.952
2012-05-06,1044.236
2012-05-07,1359.119
2012-05-08,1354.0629999999999
2012-05-09,1375.7229999999995
2012-05-10,1377.2490000000007
2012-05-11,1339.914
2012-05-12,1086.144
2012-05-13,1026.929
2012-05-14,1334.7380000000005
2012-05-15,1371.7320000000002
2012-05-16,1331.0200000000002
2012-05-17,1026.276
2012-05-18,1172.3909999999996
2012-05-19,1093.637
2012-05-20,1020.2470000000003
2012-05-21,1327.358
2012-05-22,1377.557
2012-05-23,1389.2639999999994
2012-05-24,1369.1640000000002
2012-05-25,1333.026
2012-05-26,1112.9730000000004
2012-05-27,960.155
2012-05-28,988.8530000000001
2012-05-29,1308.9589999999996
2012-05-30,1360.1329999999996
2012-05-31,1371.9610000000002
2012-06-01,1245.228
2012-06-02,1050.443
2012-06-03,1004.252
2012-06-04,1309.3740000000005
2012-06-05,1297.404
2012-06-06,1315.237
2012-06-07,1112.364
2012-06-08,1183.864
2012-06-09,1051.796
2012-06-10,984.376
2012-06-11,1326.4829999999995
2012-06-12,1343.2340000000004
2012-06-13,1326.2799999999995
2012-06-14,1336.5100000000002
2012-06-15,1319.754
2012-06-16,1104.8770000000004
2012-06-17,978.189
2012-06-18,1295.5260000000005
2012-06-19,1359.3049999999996
2012-06-20,1361.9869999999996
2012-06-21,1367.3480000000004
2012-06-22,1288.9889999999998
2012-06-23,1074.347
2012-06-24,966.313
2012-06-25,1239.6809999999996
2012-06-26,1280.5919999999996
2012-06-27,1355.3320000000006
2012-06-28,1352.2320000000002
2012-06-29,1328.2359999999996
2012-06-30,1109.917
2012-07-01,980.695
2012-07-02,1305.6009999999994
2012-07-03,1351.059
2012-07-04,1357.4879999999996
2012-07-05,1358.0120000000004
2012-07-06,1320.339
2012-07-07,1088.072
2012-07-08,979.263
2012-07-09,1277.879
2012-07-10,1335.8000000000004
2012-07-11,1308.4240000000002
2012-07-12,1270.4220000000005
2012-07-13,1279.65
2012-07-14,1044.088
2012-07-15,963.8490000000003
2012-07-16,1244.0020000000004
2012-07-17,1283.2960000000005
2012-07-18,1311.236
2012-07-19,1260.4589999999996
2012-07-20,1254.104
2012-07-21,1036.9019999999996
2012-07-22,955.195
2012-07-23,1264.464
2012-07-24,1298.0409999999995
2012-07-25,1315.315
2012-07-26,1324.6770000000001
2012-07-27,1315.5910000000001
2012-07-28,1068.8310000000001
2012-07-29,946.804
2012-07-30,1226.413
2012-07-31,1275.594
2012-08-01,1281.36
2012-08-02,1273.384
2012-08-03,1252.9789999999996
2012-08-04,1052.731
2012-08-05,970.34
2012-08-06,1218.308
2012-08-07,1195.3610000000006
2012-08-08,1232.55
2012-08-09,1251.813
2012-08-10,1220.577
2012-08-11,1027.19
2012-08-12,949.6519999999997
2012-08-13,1234.5860000000002
2012-08-14,1269.7789999999998
2012-08-15,1255.451
2012-08-16,1287.7960000000005
2012-08-17,1266.9920000000004
2012-08-18,1070.0759999999998
2012-08-19,992.062
2012-08-20,1322.886
2012-08-21,1367.3680000000004
2012-08-22,1314.6750000000004
2012-08-23,1314.0280000000002
2012-08-24,1306.214
2012-08-25,1072.0700000000004
2012-08-26,927.762
2012-08-27,1264.911
2012-08-28,1309.94
2012-08-29,1330.271
2012-08-30,1323.241
2012-08-31,1306.1009999999994
2012-09-01,1103.823
2012-09-02,1020.169
2012-09-03,1345.3410000000003
2012-09-04,1370.644
2012-09-05,1361.1570000000004
2012-09-06,1350.542
2012-09-07,1310.0439999999999
2012-09-08,1109.4499999999996
2012-09-09,1011.1629999999997
2012-09-10,1351.8700000000003
2012-09-11,1380.72
2012-09-12,1367.1230000000005
2012-09-13,1366.3060000000005
2012-09-14,1294.8120000000004
2012-09-15,1089.12
2012-09-16,1010.707
2012-09-17,1353.3
2012-09-18,1376.469
2012-09-19,1354.5910000000003
2012-09-20,1368.341
2012-09-21,1341.184
2012-09-22,1079.106
2012-09-23,1031.1239999999998
2012-09-24,1336.021
2012-09-25,1361.29
2012-09-26,1383.0480000000002
2012-09-27,1349.6660000000004
2012-09-28,1330.229
2012-09-29,1104.096
2012-09-30,1011.4730000000001
2012-10-01,1336.3460000000002
2012-10-02,1341.5179999999998
2012-10-03,1050.3579999999997
2012-10-04,1295.24
2012-10-05,1301.7879999999998
2012-10-06,1113.446
2012-10-07,1027.417
2012-10-08,1375.6519999999994
2012-10-09,1361.404
2012-10-10,1384.4029999999998
2012-10-11,1397.3439999999994
2012-10-12,1372.991
2012-10-13,1121.4989999999998
2012-10-14,1047.7189999999996
2012-10-15,1380.24
2012-10-16,1413.963
2012-10-17,1388.308
2012-10-18,1381.724
2012-10-19,1375.5469999999998
2012-10-20,1168.811
2012-10-21,1060.869
2012-10-22,1405.4450000000006
2012-10-23,1441.192
2012-10-24,1448.8719999999994
2012-10-25,1403.6360000000002
2012-10-26,1404.185
2012-10-27,1164.625
2012-10-28,1099.838
2012-10-29,1424.552
2012-10-30,1435.0269999999994
2012-10-31,1355.2820000000004
2012-11-01,1203.4399999999996
2012-11-02,1279.542
2012-11-03,1159.1090000000004
2012-11-04,1083.5030000000004
2012-11-05,1395.8769999999995
2012-11-06,1413.7660000000005
2012-11-07,1396.0329999999994
2012-11-08,1433.24
2012-11-09,1440.5970000000002
2012-11-10,1199.4339999999995
2012-11-11,1092.889
2012-11-12,1438.3070000000007
2012-11-13,1473.8010000000004
2012-11-14,1476.4199999999994
2012-11-15,1502.4540000000006
2012-11-16,1477.412
2012-11-17,1222.197
2012-11-18,1129.8490000000004
2012-11-19,1455.7089999999996
2012-11-20,1489.1070000000002
2012-11-21,1470.5259999999994
2012-11-22,1459.5169999999994
2012-11-23,1437.1370000000004
2012-11-24,1231.409
2012-11-25,1079.007
2012-11-26,1428.5379999999998
2012-11-27,1485.639
2012-11-28,1497.1819999999998
2012-11-29,1451.5719999999994
2012-11-30,1451.9579999999999
2012-12-01,1243.8970000000004
2012-12-02,1151.585
2012-12-03,1484.956
2012-12-04,1469.9410000000007
2012-12-05,1507.404
2012-12-06,1502.1829999999993
2012-12-07,1519.6629999999998
2012-12-08,1301.548
2012-12-09,1156.3960000000004
2012-12-10,1515.6919999999993
2012-12-11,1520.7479999999994
2012-12-12,1566.7040000000006
2012-12-13,1554.6720000000007
2012-12-14,1468.3529999999994
2012-12-15,1220.2379999999996
2012-12-16,1132.3110000000001
2012-12-17,1441.662
2012-12-18,1460.691
2012-12-19,1441.0220000000006
2012-12-20,1380.2200000000007
2012-12-21,1317.3660000000002
2012-12-22,1136.8419999999996
2012-12-23,1031.437
2012-12-24,990.7059999999997
2012-12-25,899.827
2012-12-26,909.618
2012-12-27,1068.6170000000004
2012-12-28,1109.4239999999998
2012-12-29,1014.55
2012-12-30,936.7859999999997
2012-12-31,969.81
2013-01-01,906.9100000000003
2013-01-02,1160.174
2013-01-03,1199.5649999999996
2013-01-04,1198.9519999999998
2013-01-05,1108.271
2013-01-06,1035.316
2013-01-07,1364.0839999999996
2013-01-08,1397.7500000000002
2013-01-09,1408.435
2013-01-10,1388.447
2013-01-11,1390.8380000000002
2013-01-12,1192.4180000000001
2013-01-13,1112.38
2013-01-14,1441.257
2013-01-15,1476.0539999999999
2013-01-16,1480.2889999999998
2013-01-17,1471.6929999999998
2013-01-18,1451.3459999999998
2013-01-19,1236.529
2013-01-20,1162.583
2013-01-21,1437.83
2013-01-22,1485.679
2013-01-23,1504.134
2013-01-24,1510.7169999999994
2013-01-25,1492.2230000000006
2013-01-26,1246.0390000000002
2013-01-27,1140.5840000000005
2013-01-28,1410.84
2013-01-29,1411.5949999999998
2013-01-30,1377.5210000000006
2013-01-31,1356.5899999999995
2013-02-01,1379.0970000000007
2013-02-02,1188.2739999999994
2013-02-03,1109.639
2013-02-04,1376.7530000000006
2013-02-05,1400.332
2013-02-06,1451.4489999999994
2013-02-07,1457.1470000000004
2013-02-08,1433.098
2013-02-09,1227.6720000000005
2013-02-10,1130.246
2013-02-11,1376.7359999999994
2013-02-12,1439.26
2013-02-13,1480.401
2013-02-14,1481.4169999999995
2013-02-15,1448.322
2013-02-16,1216.025
2013-02-17,1127.8339999999996
2013-02-18,1406.5629999999999
2013-02-19,1399.5900000000006
2013-02-20,1416.314
2013-02-21,1454.188
2013-02-22,1416.6999999999994
2013-02-23,1216.5349999999996
2013-02-24,1126.9140000000002
2013-02-25,1420.1909999999998
2013-02-26,1450.4879999999996
2013-02-27,1461.8370000000002
2013-02-28,1421.4260000000004
2013-03-01,1372.0199999999998
2013-03-02,1143.686
2013-03-03,1062.452
2013-03-04,1364.964
2013-03-05,1359.0269999999996
2013-03-06,1365.1040000000005
2013-03-07,1359.5179999999998
2013-03-08,1343.2509999999995
2013-03-09,1160.281
2013-03-10,1070.617
2013-03-11,1394.744
2013-03-12,1428.0729999999999
2013-03-13,1425.1429999999998
2013-03-14,1420.149
2013-03-15,1406.081
2013-03-16,1192.547
2013-03-17,1048.639
2013-03-18,1336.399
2013-03-19,1391.8529999999996
2013-03-20,1411.346
2013-03-21,1407.382
2013-03-22,1383.1699999999994
2013-03-23,1200.6630000000002
2013-03-24,1105.345
2013-03-25,1340.9390000000005
2013-03-26,1357.4599999999996
2013-03-27,1360.9309999999996
2013-03-28,1343.5320000000004
2013-03-29,1080.715
2013-04-01,1034.8910000000003
2013-04-02,1345.6049999999998
2013-04-03,1392.1670000000006
2013-04-04,1413.628
2013-04-05,1407.8729999999996
2013-04-06,1189.98
2013-04-07,1065.0849999999996
2013-04-08,1361.1050000000002
2013-04-09,1376.079
2013-04-10,1386.8029999999994
2013-04-11,1370.114
2013-04-12,1330.6570000000004
2013-04-13,1099.1280000000004
2013-04-14,1026.3360000000002
2013-04-15,1295.7010000000002
2013-04-16,1347.112
2013-04-17,1352.204
2013-04-18,1319.8490000000004
2013-04-19,1300.419
2013-04-20,1105.7380000000003
2013-04-21,1008.826
2013-04-22,1312.2089999999996
2013-04-23,1305.9399999999996
2013-04-24,1330.7089999999996
2013-04-25,1338.207
2013-04-26,1309.994
2013-04-27,1106.43
2013-04-28,1021.551
2013-04-29,1299.2760000000005
2013-04-30,1317.183
2013-05-01,1004.86
2013-05-02,1280.019
2013-05-03,1296.4729999999995
2013-05-04,1106.577
2013-05-05,1005.52
2013-05-06,1299.8180000000002
2013-05-07,1333.6929999999998
2013-05-08,1326.54
2013-05-09,1029.826
2013-05-10,1183.8769999999995
2013-05-11,1094.4660000000001
2013-05-12,999.825
2013-05-13,1294.342
2013-05-14,1312.3829999999996
2013-05-15,1300.1909999999998
2013-05-16,1305.0240000000006
2013-05-17,1284.766
2013-05-18,1078.7109999999998
2013-05-19,939.305
2013-05-20,952.727
2013-05-21,1278.7209999999995
2013-05-22,1303.3339999999996
2013-05-23,1326.9260000000004
2013-05-24,1297.862
2013-05-25,1076.8369999999998
2013-05-26,1018.874
2013-05-27,1312.264
2013-05-28,1305.03
2013-05-29,1314.747
2013-05-30,1098.0990000000004
2013-05-31,1194.1769999999995
2013-06-01,1031.124
2013-06-02,902.8589999999999
2013-06-03,1214.1409999999996
2013-06-04,1265.1999999999996
2013-06-05,1277.4930000000004
2013-06-06,1274.3750000000002
2013-06-07,1262.887
2013-06-08,1065.0440000000003
2013-06-09,971.738
2013-06-10,1258.977
2013-06-11,1287.6999999999996
2013-06-12,1298.307
2013-06-13,1289.9050000000002
2013-06-14,1235.4150000000004
2013-06-15,1045.69
2013-06-16,947.1569999999999
2013-06-17,1296.348
2013-06-18,1328.223
2013-06-19,1332.1070000000002
2013-06-20,1323.4079999999994
2013-06-21,1241.6760000000004
2013-06-22,1065.2219999999998
2013-06-23,959.418
2013-06-24,1263.825
2013-06-25,1255.9520000000002
2013-06-26,1237.2809999999995
2013-06-27,1280.278
2013-06-28,1264.697
2013-06-29,1037.8339999999996
2013-06-30,945.689
2013-07-01,1249.752
2013-07-02,1285.6619999999998
2013-07-03,1292.6840000000002
2013-07-04,1303.6860000000001
2013-07-05,1268.937
2013-07-06,1063.8590000000004
2013-07-07,969.737
2013-07-08,1280.343
2013-07-09,1305.309
2013-07-10,1278.1789999999996
2013-07-11,1273.0600000000004
2013-07-12,1254.5680000000002
2013-07-13,1044.867
2013-07-14,952.3369999999996
2013-07-15,1248.7379999999996
2013-07-16,1285.767
2013-07-17,1295.885
2013-07-18,1296.646
2013-07-19,1252.492
2013-07-20,1061.6929999999998
2013-07-21,983.663
2013-07-22,1280.5549999999996
2013-07-23,1292.0269999999996
2013-07-24,1296.1480000000001
2013-07-25,1317.1709999999996
2013-07-26,1293.6770000000004
2013-07-27,1088.862
2013-07-28,991.371
2013-07-29,1266.9349999999995
2013-07-30,1241.942
2013-07-31,1240.0559999999996
2013-08-01,1318.543
2013-08-02,1314.4230000000005
2013-08-03,1110.478
2013-08-04,1013.3310000000004
2013-08-05,1293.0839999999996
2013-08-06,1315.4679999999996
2013-08-07,1308.6470000000004
2013-08-08,1291.9840000000004
2013-08-09,1254.4619999999998
2013-08-10,1088.538
2013-08-11,990.552
2013-08-12,1264.4229999999998
2013-08-13,1281.806
2013-08-14,1270.1359999999995
2013-08-15,1230.8940000000002
2013-08-16,1235.737
2013-08-17,1064.704
2013-08-18,1003.82
2013-08-19,1279.894
2013-08-20,1262.6059999999998
2013-08-21,1265.775
2013-08-22,1277.2010000000002
2013-08-23,1273.278
2013-08-24,1089.3639999999998
2013-08-25,1005.2900000000003
2013-08-26,1291.8210000000001
2013-08-27,1306.896
2013-08-28,1295.9790000000005
2013-08-29,1285.918
2013-08-30,1267.145
2013-08-31,1072.235
2013-09-01,1018.549
2013-09-02,1329.525
2013-09-03,1344.162
2013-09-04,1344.6649999999995
2013-09-05,1352.0910000000003
2013-09-06,1330.4149999999995
2013-09-07,1111.0580000000002
2013-09-08,1023.1030000000001
2013-09-09,1315.3300000000004
2013-09-10,1346.696
2013-09-11,1356.0230000000004
2013-09-12,1343.379
2013-09-13,1321.8439999999996
2013-09-14,1122.69
2013-09-15,1037.48
2013-09-16,1348.881
2013-09-17,1376.859
2013-09-18,1382.1129999999994
2013-09-19,1368.3210000000001
2013-09-20,1353.1139999999998
2013-09-21,1109.983
2013-09-22,1034.784
2013-09-23,1337.004
2013-09-24,1343.8830000000005
2013-09-25,1345.2909999999995
2013-09-26,1357.4679999999996
2013-09-27,1320.7659999999996
2013-09-28,1107.3519999999999
2013-09-29,1058.3269999999998
2013-09-30,1340.561
2013-10-01,1356.25
2013-10-02,1356.8060000000005
2013-10-03,1114.298
2013-10-04,1243.239
2013-10-05,1102.931
2013-10-06,1029.1709999999996
2013-10-07,1332.582
2013-10-08,1355.7869999999996
2013-10-09,1368.275
2013-10-10,1375.585
2013-10-11,1390.856
2013-10-12,1156.7030000000002
2013-10-13,1059.1
2013-10-14,1359.0069999999996
2013-10-15,1388.1070000000002
2013-10-16,1386.2579999999996
2013-10-17,1439.1360000000006
2013-10-18,1358.1350000000002
2013-10-19,1161.249
2013-10-20,1073.035
2013-10-21,1365.215
2013-10-22,1393.467
2013-10-23,1425.148
2013-10-24,1374.195
2013-10-25,1367.9430000000002
2013-10-26,1176.6
2013-10-27,1121.9689999999996
2013-10-28,1434.2420000000006
2013-10-29,1421.424
2013-10-30,1391.8470000000002
2013-10-31,1352.3529999999996
2013-11-01,1207.43
2013-11-02,1176.259
2013-11-03,1151.302
2013-11-04,1432.7479999999996
2013-11-05,1448.5680000000002
2013-11-06,1463.362
2013-11-07,1451.321
2013-11-08,1402.1120000000005
2013-11-09,1243.213
2013-11-10,1129.633
2013-11-11,1409.6379999999995
2013-11-12,1439.7009999999998
2013-11-13,1441.6040000000007
2013-11-14,1452.086
2013-11-15,1406.642
2013-11-16,1219.4490000000005
2013-11-17,1117.711
2013-11-18,1422.174
2013-11-19,1453.625
2013-11-20,1440.757
2013-11-21,1461.7179999999996
2013-11-22,1437.6370000000004
2013-11-23,1218.068
2013-11-24,1137.5670000000002
2013-11-25,1440.4680000000005
2013-11-26,1462.1639999999998
2013-11-27,1493.989
2013-11-28,1508.7140000000006
2013-11-29,1488.75
2013-11-30,1254.591
2013-12-01,1161.7690000000002
2013-12-02,1434.4860000000006
2013-12-03,1468.226
2013-12-04,1511.246
2013-12-05,1563.832
2013-12-06,1545.494
2013-12-07,1278.5230000000001
2013-12-08,1189.6129999999996
2013-12-09,1477.263
2013-12-10,1474.226
2013-12-11,1475.4349999999995
2013-12-12,1475.418
2013-12-13,1456.19
2013-12-14,1276.9790000000005
2013-12-15,1194.796
2013-12-16,1467.5549999999994
2013-12-17,1457.2350000000006
2013-12-18,1447.4989999999998
2013-12-19,1430.139
2013-12-20,1345.6509999999996
2013-12-21,1250.8170000000002
2013-12-22,1141.975
2013-12-23,1199.865
2013-12-24,1128.997
2013-12-25,992.789
2013-12-26,989.2539999999999
2013-12-27,1166.5519999999995
2013-12-28,1089.7899999999997
2013-12-29,1031.149
2013-12-30,1149.097
2013-12-31,1068.429
2014-01-01,1080.0800000000004
2014-01-02,1343.101
2014-01-03,1379.7760000000005
2014-01-04,1271.029
2014-01-05,1182.4160000000004
2014-01-06,1408.2020000000002
2014-01-07,1529.2500000000002
2014-01-08,1550.3980000000006
2014-01-09,1572.1940000000006
2014-01-10,1552.4129999999998
2014-01-11,1350.4389999999999
2014-01-12,1243.6280000000004
2014-01-13,1582.7969999999993
2014-01-14,1597.275
2014-01-15,1592.3840000000002
2014-01-16,1607.8040000000005
2014-01-17,1571.6370000000006
2014-01-18,1353.4550000000004
2014-01-19,1255.8139999999999
2014-01-20,1590.6870000000006
2014-01-21,1624.8059999999994
2014-01-22,1625.1550000000007
2014-01-23,1631.3729999999994
2014-01-24,1617.411
2014-01-25,1399.124
2014-01-26,1302.735
2014-01-27,1612.2129999999993
2014-01-28,1636.751
2014-01-29,1659.96
2014-01-30,1651.529
2014-01-31,1605.265
2014-02-01,1391.4300000000005
2014-02-02,1265.4160000000004
2014-02-03,1598.5510000000006
2014-02-04,1617.7989999999993
2014-02-05,1623.2410000000002
2014-02-06,1597.9789999999994
2014-02-07,1576.93
2014-02-08,1365.8129999999999
2014-02-09,1252.107
2014-02-10,1577.328
2014-02-11,1600.185
2014-02-12,1597.1219999999994
2014-02-13,1602.375
2014-02-14,1570.2130000000002
2014-02-15,1347.5030000000004
2014-02-16,1237.654
2014-02-17,1548.6439999999993
2014-02-18,1582.932
2014-02-19,1588.602
2014-02-20,1564.341
2014-02-21,1549.9930000000006
2014-02-22,1330.9589999999996
2014-02-23,1206.6960000000001
2014-02-24,1521.083
2014-02-25,1552.925
2014-02-26,1555.0380000000002
2014-02-27,1553.4600000000007
2014-02-28,1524.7159999999994
2014-03-01,1310.8630000000005
2014-03-02,1205.382
2014-03-03,1479.3610000000006
2014-03-04,1521.878
2014-03-05,1550.944
2014-03-06,1546.4730000000006
2014-03-07,1514.8970000000006
2014-03-08,1279.1619999999998
2014-03-09,1161.496
2014-03-10,1479.2299999999993
2014-03-11,1521.112
2014-03-13,1510.0329999999994
2014-03-14,1488.0440000000006
2014-03-15,1303.214
2014-03-16,1199.315
2014-03-17,1498.042
2014-03-18,1528.9320000000002
2014-03-19,1524.7620000000006
2014-03-20,1498.5479999999998
2014-03-21,1474.5620000000001
2014-03-22,1280.873
2014-03-23,1176.87
2014-03-24,1499.18
2014-03-25,1521.8339999999996
2014-03-26,1522.582
2014-03-27,1510.9029999999998
2014-03-28,1470.8100000000006
2014-03-31,1446.1139999999998
2014-04-01,1478.178
2014-04-02,1471.1660000000006
2014-04-03,1470.5479999999998
2014-04-04,1461.671
2014-04-05,1237.8490000000004
2014-04-06,1131.5530000000006
2014-04-07,1448.6639999999998
2014-04-08,1496.5910000000001
2014-04-09,1497.4730000000006
2014-04-10,1485.1450000000002
2014-04-11,1454.7720000000004
2014-04-12,1227.196
2014-04-13,1129.114
2014-04-14,1478.4270000000001
2014-04-15,1504.5069999999994
2014-04-16,1486.5810000000006
2014-04-17,1452.004
2014-04-18,1150.0439999999999
2014-04-19,1146.115
2014-04-20,1022.5380000000004
2014-04-21,1059.095
2014-04-22,1412.3589999999995
2014-04-23,1447.726
2014-04-24,1450.8869999999995
2014-04-25,1426.432
2014-04-26,1217.886
2014-04-27,1130.9929999999995
2014-04-28,1451.7639999999994
2014-04-29,1468.1429999999998
2014-04-30,1432.0600000000006
2014-05-01,1099.884
2014-05-02,1308.181
2014-05-03,1196.0950000000005
2014-05-04,1111.713
2014-05-05,1423.7020000000002
2014-05-06,1451.3139999999999
2014-05-07,1464.4220000000007
2014-05-08,1471.6329999999996
2014-05-09,1450.3789999999995
2014-05-10,1221.389
2014-05-11,1122.323
2014-05-12,1449.9730000000006
2014-05-13,1471.536
2014-05-14,1473.9
2014-05-15,1468.2439999999995
2014-05-16,1430.868
2014-05-17,1206.499
2014-05-18,1107.4330000000002
2014-05-19,1421.566
2014-05-20,1449.0739999999994
2014-05-21,1457.263
2014-05-22,1459.2340000000006
2014-05-23,1429.8320000000006
2014-05-24,1199.258
2014-05-25,1089.246
2014-05-26,1429.811
2014-05-27,1464.019
2014-05-28,1441.6220000000005
2014-05-29,1128.151
2014-05-30,1261.208
2014-05-31,1147.44
2014-06-01,1068.982
2014-06-02,1403.083
2014-06-03,1433.509
2014-06-04,1444.044
2014-06-05,1436.595
2014-06-06,1403.466
2014-06-07,1176.8980000000001
2014-06-08,1029.637
2014-06-09,1075.3930000000003
2014-06-10,1425.094
2014-06-11,1452.2820000000006
2014-06-12,1433.9459999999995
2014-06-13,1409.767
2014-06-14,1173.157
2014-06-15,1060.016
2014-06-16,1372.914
2014-06-17,1404.6090000000006
2014-06-18,1395.3539999999994
2014-06-19,1208.285
2014-06-20,1310.3580000000004
2014-06-21,1155.962
2014-06-22,1066.92
2014-06-23,1403.576
2014-06-24,1434.542
2014-06-25,1434.4100000000005
2014-06-26,1413.0609999999995
2014-06-27,1400.1650000000006
2014-06-28,1192.279
2014-06-29,1094.965
2014-06-30,1398.098
2014-07-01,1407.2340000000006
2014-07-02,1418.9359999999995
2014-07-03,1424.6260000000002
2014-07-04,1401.1929999999998
2014-07-05,1192.7409999999998
2014-07-06,1096.5190000000002
2014-07-07,1415.3629999999994
2014-07-08,1455.751
2014-07-09,1446.773
2014-07-10,1430.759
2014-07-11,1403.1090000000006
2014-07-12,1176.602
2014-07-13,1078.0569999999998
2014-07-14,1386.7620000000006
2014-07-15,1424.1340000000007
2014-07-16,1436.438
2014-07-17,1439.7700000000002
2014-07-18,1419.386
2014-07-19,1207.5869999999998
2014-07-20,1113.844
2014-07-21,1429.3499999999995
2014-07-22,1440.878
2014-07-23,1428.8970000000004
2014-07-24,1425.5119999999995
2014-07-25,1396.902
2014-07-26,1184.8439999999996
2014-07-27,1090.885
2014-07-28,1399.8110000000001
2014-07-29,1427.072
2014-07-30,1421.5250000000005
2014-07-31,1391.8580000000006
2014-08-01,1351.763
2014-08-02,1152.935
2014-08-03,1052.11
2014-08-04,1332.5300000000002
2014-08-05,1348.567
2014-08-06,1343.235
2014-08-07,1352.9210000000005
2014-08-08,1336.572
2014-08-09,1148.3490000000004
2014-08-10,1053.571
2014-08-11,1329.3799999999997
2014-08-12,1346.6170000000004
2014-08-13,1341.527
2014-08-14,1338.15
2014-08-15,1287.9930000000004
2014-08-16,1125.591
2014-08-17,1050.517
2014-08-18,1347.832
2014-08-19,1365.9679999999996
2014-08-20,1365.495
2014-08-21,1356.223
2014-08-22,1344.7789999999998
2014-08-23,1145.5739999999996
2014-08-24,1060.239
2014-08-25,1367.1190000000004
2014-08-26,1409.5680000000002
2014-08-27,1399.388
2014-08-28,1406.689
2014-08-29,1388.5979999999995
2014-08-30,1169.708
2014-08-31,1079.792
2014-09-01,1387.259
2014-09-02,1415.3619999999994
2014-09-03,1418.5350000000005
2014-09-04,1419.51
2014-09-05,1396.0179999999998
2014-09-06,1172.1160000000004
2014-09-07,1078.244
2014-09-08,1397.9100000000005
2014-09-09,1423.7479999999994
2014-09-10,1425.2479999999994
2014-09-11,1423.0489999999993
2014-09-12,1423.06
2014-09-13,1188.869
2014-09-14,1086.61
2014-09-15,1413.5479999999998
2014-09-16,1432.668
2014-09-17,1439.671
2014-09-18,1439.3819999999994
2014-09-19,1413.0830000000005
2014-09-20,1190.7109999999998
2014-09-21,1108.882
2014-09-22,1430.5870000000007
2014-09-23,1426.5979999999995
2014-09-24,1441.2960000000005
2014-09-25,1452.119
2014-09-26,1429.2400000000002
2014-09-27,1191.276
2014-09-28,1094.546
2014-09-29,1418.6650000000006
2014-09-30,1451.4620000000002
2014-10-01,1447.3439999999994
2014-10-02,1415.7689999999998
2014-10-03,1110.3079999999998
2014-10-04,1140.025
2014-10-05,1101.846
2014-10-06,1433.779
2014-10-07,1479.844
2014-10-08,1478.6420000000005
2014-10-09,1478.021
2014-10-10,1438.0069999999994
2014-10-11,1210.109
2014-10-12,1112.5910000000001
2014-10-13,1446.082
2014-10-14,1462.0929999999996
2014-10-15,1463.674
2014-10-16,1480.27
2014-10-17,1456.4300000000005
2014-10-18,1213.968
2014-10-19,1104.9440000000004
2014-10-20,1452.2160000000001
2014-10-21,1494.806
2014-10-22,1524.3480000000006
2014-10-23,1505.152
2014-10-24,1469.6949999999995
2014-10-25,1250.048
2014-10-26,1146.1539999999998
2014-10-27,1462.7710000000006
2014-10-28,1506.889
2014-10-29,1510.275
2014-10-30,1498.149
2014-10-31,1416.1360000000002
2014-11-01,1179.257
2014-11-02,1132.3419999999999
2014-11-03,1474.1040000000007
2014-11-04,1510.9329999999998
2014-11-05,1530.0909999999994
2014-11-06,1514.495
2014-11-07,1500.3850000000002
2014-11-08,1261.0239999999994
2014-11-09,1168.962
2014-11-10,1501.3649999999998
2014-11-11,1535.672
2014-11-12,1543.1430000000007
2014-11-13,1540.201
2014-11-14,1510.641
2014-11-15,1293.1319999999996
2014-11-16,1190.0460000000005
2014-11-17,1502.9589999999994
2014-11-18,1552.3349999999994
2014-11-19,1535.6520000000005
2014-11-20,1547.1129999999996
2014-11-21,1527.836
2014-11-22,1306.239
2014-11-23,1192.1589999999999
2014-11-24,1518.845
2014-11-25,1559.8969999999995
2014-11-26,1580.036
2014-11-27,1578.16
2014-11-28,1568.285
2014-11-29,1358.2720000000004
2014-11-30,1262.219
2014-12-01,1607.283
2014-12-02,1638.098
2014-12-03,1649.8269999999998
2014-12-04,1639.12
2014-12-05,1604.009
2014-12-06,1363.1979999999999
2014-12-07,1272.225
2014-12-08,1584.1810000000007
2014-12-09,1632.5509999999995
2014-12-10,1648.487
2014-12-11,1631.7139999999995
2014-12-12,1578.7939999999994
2014-12-13,1342.898
2014-12-14,1246.85
2014-12-15,1551.2970000000007
2014-12-16,1563.6859999999995
2014-12-17,1564.9120000000007
2014-12-18,1518.9679999999994
2014-12-19,1460.4660000000006
2014-12-20,1302.196
2014-12-21,1195.5610000000001
2014-12-22,1363.14
2014-12-23,1326.533
2014-12-24,1154.524
2014-12-25,1089.457
2014-12-26,1101.6830000000002
2014-12-27,1198.8339999999996
2014-12-28,1168.079
2014-12-29,1316.0929999999996
2014-12-30,1300.367
2014-12-31,1183.51
2015-01-01,1111.336
2015-01-02,1300.8839999999998
2015-01-03,1265.2709999999995
2015-01-04,1198.854
2015-01-05,1449.861
2015-01-06,1452.8909999999994
2015-01-07,1569.872
2015-01-08,1586.974
2015-01-09,1563.293
2015-01-10,1331.448
2015-01-11,1262.1610000000005
2015-01-12,1582.0660000000007
2015-01-13,1574.3019999999995
2015-01-14,1593.6819999999998
2015-01-15,1602.4040000000002
2015-01-16,1565.3199999999995
2015-01-17,1354.8010000000004
2015-01-18,1267.4890000000005
2015-01-19,1594.869
2015-01-20,1629.7300000000002
2015-01-21,1632.1459999999993
2015-01-22,1636.9779999999994
2015-01-23,1616.264
2015-01-24,1402.911
2015-01-25,1290.6550000000002
2015-01-26,1611.8829999999996
2015-01-27,1620.5649999999994
2015-01-28,1626.1640000000002
2015-01-29,1620.04
2015-01-30,1587.346
2015-01-31,1360.5510000000004
2015-02-01,1273.828
2015-02-02,1608.68
2015-02-03,1639.2599999999998
2015-02-04,1651.314
2015-02-05,1647.3570000000002
2015-02-06,1620.5069999999994
2015-02-07,1408.553
2015-02-08,1296.8550000000002
2015-02-09,1618.6070000000002
2015-02-10,1626.8640000000007
2015-02-11,1623.0859999999998
2015-02-12,1619.396
2015-02-13,1583.1730000000002
2015-02-14,1359.135
2015-02-15,1261.167
2015-02-16,1536.78
2015-02-17,1600.0189999999993
2015-02-18,1611.379
2015-02-19,1607.7410000000002
2015-02-20,1571.0169999999994
2015-02-21,1345.9130000000002
2015-02-22,1256.938
2015-02-23,1592.6559999999995
2015-02-24,1604.9909999999993
2015-02-25,1585.249
2015-02-26,1579.3500000000006
2015-02-27,1569.187
2015-02-28,1340.4889999999998
2015-03-01,1235.8359999999998
2015-03-02,1546.866
2015-03-03,1570.6389999999994
2015-03-04,1579.064
2015-03-05,1573.5580000000002
2015-03-06,1547.83
2015-03-07,1317.4249999999995
2015-03-08,1182.494
2015-03-09,1496.531
2015-03-10,1537.668
2015-03-11,1530.601
2015-03-12,1536.444
2015-03-13,1524.4739999999995
2015-03-14,1320.247
2015-03-15,1212.893
2015-03-16,1507.5190000000002
2015-03-17,1506.485
2015-03-18,1498.9600000000007
2015-03-19,1508.011
2015-03-20,1490.0080000000007
2015-03-21,1304.469
2015-03-22,1196.0510000000004
2015-03-23,1500.293
2015-03-24,1518.172
2015-03-25,1508.0279999999998
2015-03-26,1521.2409999999998
2015-03-27,1499.7010000000002
2015-03-28,1274.136
2015-03-29,1187.673
2015-03-30,1500.454
2015-03-31,1517.4189999999999
2015-04-01,1531.9440000000006
2015-04-02,1506.1470000000006
2015-04-03,1174.0949999999998
2015-04-04,1193.2739999999994
2015-04-05,1084.8300000000004
2015-04-06,1122.7239999999997
2015-04-07,1464.2859999999994
2015-04-08,1476.0700000000006
2015-04-09,1448.204
2015-04-10,1420.4370000000001
2015-04-11,1230.6030000000005
2015-04-12,1122.5549999999996
2015-04-13,1444.641
2015-04-14,1463.975
2015-04-15,1455.6659999999995
2015-04-16,1447.2020000000002
2015-04-17,1432.894
2015-04-18,1199.975
2015-04-19,1102.443
2015-04-20,1410.4869999999994
2015-04-21,1432.1990000000005
2015-04-22,1423.398
2015-04-23,1418.2929999999994
2015-04-24,1398.64
2015-04-25,1201.1740000000002
2015-04-26,1103.922
2015-04-27,1447.7820000000006
2015-04-28,1467.317
2015-04-29,1453.773
2015-04-30,1424.3020000000001
2015-05-01,1079.915
2015-05-02,1125.9120000000005
2015-05-03,1101.446
2015-05-04,1413.223
2015-05-05,1445.995
2015-05-06,1434.754
2015-05-07,1430.15
2015-05-08,1392.394
2015-05-09,1184.9910000000002
2015-05-10,1088.438
2015-05-11,1407.102
2015-05-12,1433.0549999999994
2015-05-13,1395.2379999999994
2015-05-14,1098.2910000000004
2015-05-15,1245.49
2015-05-16,1151.318
2015-05-17,1076.9390000000003
2015-05-18,1396.521
2015-05-19,1434.1030000000005
2015-05-20,1425.217
2015-05-21,1423.0810000000001
2015-05-22,1393.65
2015-05-23,1163.304
2015-05-24,1010.009
2015-05-25,1054.735
2015-05-26,1388.669
2015-05-27,1420.1040000000007
2015-05-28,1416.905
2015-05-29,1391.308
2015-05-30,1182.8680000000004
2015-05-31,1084.5679999999998
2015-06-01,1394.1449999999998
2015-06-02,1437.818
2015-06-03,1412.5790000000006
2015-06-04,1205.178
2015-06-05,1320.672
2015-06-06,1174.111
2015-06-07,1070.875
2015-06-08,1395.467
2015-06-09,1418.8209999999995
2015-06-10,1424.7000000000005
2015-06-11,1420.7720000000004
2015-06-12,1411.3970000000004
2015-06-13,1192.3199999999995
2015-06-14,1073.904
2015-06-15,1393.5539999999999
2015-06-16,1401.419
2015-06-17,1402.1989999999994
2015-06-18,1419.662
2015-06-19,1395.9310000000007
2015-06-20,1180.535
2015-06-21,1085.1269999999997
2015-06-22,1409.975
2015-06-23,1431.5239999999994
2015-06-24,1431.0969999999998
2015-06-25,1417.8649999999998
2015-06-26,1394.149
2015-06-27,1175.9119999999998
2015-06-28,1064.6420000000003
2015-06-29,1398.2829999999994
2015-06-30,1423.8090000000002
2015-07-01,1444.9570000000006
2015-07-02,1470.1999999999994
2015-07-03,1439.366
2015-07-04,1215.227
2015-07-05,1121.1749999999997
2015-07-06,1422.0649999999994
2015-07-07,1454.9920000000006
2015-07-08,1434.461
2015-07-09,1415.7099999999994
2015-07-10,1380.306
2015-07-11,1165.9979999999996
2015-07-12,1084.822
2015-07-13,1401.8450000000007
2015-07-14,1429.539
2015-07-15,1430.4620000000002
2015-07-16,1440.1809999999994
2015-07-17,1425.905
2015-07-18,1186.873
2015-07-19,1093.809
2015-07-20,1399.2880000000002
2015-07-21,1449.58
2015-07-22,1442.967
2015-07-23,1417.126
2015-07-24,1388.7110000000002
2015-07-25,1176.33
2015-07-26,1051.8670000000004
2015-07-27,1354.408
2015-07-28,1379.2069999999994
2015-07-29,1374.8929999999998
2015-07-30,1370.35
2015-07-31,1326.9479999999996
2015-08-01,1123.8090000000002
2015-08-02,1038.046
2015-08-03,1353.9120000000005
2015-08-04,1385.4399999999994
2015-08-05,1368.4779999999996
2015-08-06,1389.7430000000006
2015-08-07,1363.039
2015-08-08,1162.867
2015-08-09,1071.309
2015-08-10,1364.3639999999998
2015-08-11,1384.0700000000006
2015-08-12,1394.0840000000005
2015-08-13,1394.573
2015-08-14,1365.638
2015-08-15,1143.305
2015-08-16,1068.273
2015-08-17,1364.6609999999996
2015-08-18,1374.6929999999993
2015-08-19,1363.8310000000001
2015-08-20,1367.7
2015-08-21,1343.751
2015-08-22,1144.3469999999998
2015-08-23,1063.363
2015-08-24,1386.899
2015-08-25,1400.4839999999995
2015-08-26,1411.1190000000006
2015-08-27,1423.3370000000002
2015-08-28,1383.029
2015-08-29,1164.636
2015-08-30,1085.5680000000002
2015-08-31,1418.0650000000005
2015-09-01,1454.1930000000002
2015-09-02,1431.186
2015-09-03,1424.9130000000002
2015-09-04,1398.09
2015-09-05,1188.41
2015-09-06,1108.465
2015-09-07,1409.703
2015-09-08,1434.1840000000002
2015-09-09,1426.9299999999994
2015-09-10,1426.198
2015-09-11,1407.6950000000006
2015-09-12,1201.7610000000002
2015-09-13,1113.172
2015-09-14,1438.2569999999994
2015-09-15,1458.246
2015-09-16,1475.5
2015-09-17,1478.1129999999994
2015-09-18,1415.759
2015-09-19,1194.287
2015-09-20,1109.639
2015-09-21,1420.4479999999999
2015-09-22,1461.9889999999994
2015-09-23,1466.2
2015-09-24,1456.2100000000007
2015-09-25,1427.929
2015-09-26,1212.7610000000002
2015-09-27,1121.202
2015-09-28,1431.7289999999994
2015-09-29,1459.78
2015-09-30,1458.9140000000002
2015-10-01,1425.006
2015-10-02,1391.05
2015-10-03,1103.1129999999996
2015-10-04,1096.6090000000004
2015-10-05,1411.5360000000005
2015-10-06,1472.8390000000006
2015-10-07,1482.683
2015-10-08,1476.6840000000002
2015-10-09,1434.1289999999995
2015-10-10,1214.9739999999995
2015-10-11,1126.6439999999998
2015-10-12,1445.2069999999994
2015-10-13,1511.174
2015-10-14,1541.5169999999994
2015-10-15,1543.672
2015-10-16,1508.6350000000002
2015-10-17,1271.6779999999994
2015-10-18,1179.09
2015-10-19,1492.3269999999998
2015-10-20,1515.9689999999994
2015-10-21,1511.2320000000002
2015-10-22,1514.531
2015-10-23,1464.9549999999995
2015-10-24,1245.4040000000002
2015-10-25,1166.5499999999995
2015-10-26,1460.365
2015-10-27,1501.4819999999993
2015-10-28,1513.639
2015-10-29,1505.7910000000004
2015-10-30,1482.9890000000007
2015-10-31,1237.624
2015-11-01,1163.587
2015-11-02,1487.2939999999999
2015-11-03,1524.191
2015-11-04,1523.905
2015-11-05,1505.1570000000006
2015-11-06,1479.034
2015-11-07,1269.524
2015-11-08,1162.261
2015-11-09,1496.9310000000007
2015-11-10,1533.091
2015-11-11,1521.9320000000002
2015-11-12,1518.605
2015-11-13,1512.112
2015-11-14,1298.1319999999996
2015-11-15,1203.657
2015-11-16,1504.112
2015-11-17,1542.2819999999995
2015-11-18,1533.1249999999998
2015-11-19,1550.1950000000006
2015-11-20,1531.888
2015-11-21,1312.858
2015-11-22,1241.689
2015-11-23,1563.4449999999995
2015-11-24,1616.7699999999993
2015-11-25,1613.4079999999994
2015-11-26,1596.015
2015-11-27,1573.0739999999994
2015-11-28,1364.086
2015-11-29,1267.062
2015-11-30,1571.189
2015-12-01,1588.0210000000006
2015-12-02,1585.3080000000002
2015-12-03,1577.457
2015-12-04,1570.3180000000002
2015-12-05,1337.095
2015-12-06,1232.073
2015-12-07,1536.2510000000007
2015-12-08,1572.7400000000002
2015-12-09,1586.3929999999998
2015-12-10,1596.5929999999996
2015-12-11,1578.2199999999998
2015-12-12,1334.3760000000004
2015-12-13,1242.101
2015-12-14,1554.9470000000001
2015-12-15,1567.9
2015-12-16,1562.404
2015-12-17,1512.0950000000007
2015-12-18,1462.4430000000002
2015-12-19,1255.073
2015-12-20,1165.1589999999999
2015-12-21,1396.4540000000006
2015-12-22,1379.0310000000006
2015-12-23,1312.974
2015-12-24,1121.944
2015-12-25,1047.2769999999996
2015-12-26,1049.3490000000004
2015-12-27,1068.214
2015-12-28,1219.075
2015-12-29,1233.6600000000005
2015-12-30,1238.863
2015-12-31,1158.103
2016-01-01,1060.3660000000002
2016-01-02,1192.698
2016-01-03,1179.282
2016-01-04,1456.294
2016-01-05,1506.737
2016-01-06,1454.685
2016-01-07,1540.3040000000005
2016-01-08,1515.84
2016-01-09,1311.996
2016-01-10,1217.985
2016-01-11,1543.692
2016-01-12,1574.0579999999998
2016-01-13,1595.1809999999994
2016-01-14,1594.6
2016-01-15,1589.38
2016-01-16,1376.513
2016-01-17,1288.6989999999996
2016-01-18,1629.9109999999994
2016-01-19,1672.3200000000006
2016-01-20,1661.6459999999993
2016-01-21,1657.0489999999998
2016-01-22,1653.635
2016-01-23,1400.2919999999995
2016-01-24,1274.6289999999995
2016-01-25,1556.816
2016-01-26,1570.8840000000002
2016-01-27,1574.4270000000006
2016-01-28,1559.91
2016-01-29,1545.3180000000007
2016-01-30,1339.3189999999995
2016-01-31,1233.7140000000004
2016-02-01,1533.8570000000002
2016-02-02,1565.4930000000006
2016-02-03,1583.04
2016-02-04,1588.9789999999994
2016-02-05,1545.368
2016-02-06,1293.588
2016-02-07,1209.6170000000004
2016-02-08,1498.211
2016-02-09,1550.3489999999995
2016-02-10,1578.526
2016-02-11,1562.2139999999995
2016-02-12,1541.9449999999995
2016-02-13,1331.757
2016-02-14,1228.4040000000002
2016-02-15,1565.899
2016-02-16,1596.2590000000002
2016-02-17,1611.7289999999994
2016-02-18,1584.1799999999994
2016-02-19,1575.6789999999999
2016-02-20,1366.934
2016-02-21,1229.811
2016-02-22,1534.638
2016-02-23,1575.7980000000002
2016-02-24,1578.5729999999999
2016-02-25,1581.2199999999998
2016-02-26,1543.5530000000006
2016-02-27,1314.531
2016-02-28,1221.887
2016-02-29,1544.11
2016-03-01,1581.8220000000006
2016-03-02,1573.2110000000002
2016-03-03,1562.3730000000005
2016-03-04,1548.866
2016-03-05,1317.6660000000004
2016-03-06,1223.3599999999994
2016-03-07,1531.428
2016-03-08,1574.8370000000002
2016-03-09,1563.842
2016-03-10,1546.814
2016-03-11,1531.6200000000006
2016-03-12,1320.899
2016-03-13,1217.183
2016-03-14,1511.6129999999996
2016-03-15,1568.0540000000005
2016-03-16,1560.626
2016-03-17,1530.473
2016-03-18,1518.48
2016-03-19,1313.651
2016-03-20,1210.4520000000002
2016-03-21,1518.7239999999995
2016-03-22,1534.757
2016-03-23,1527.4989999999998
2016-03-24,1491.3160000000007
2016-03-25,1200.708
2016-03-26,1175.7890000000002
2016-03-27,1078.086
2016-03-28,1114.596
2016-03-29,1442.3559999999998
2016-03-30,1491.4979999999994
2016-03-31,1482.2049999999995
2016-04-01,1451.858
2016-04-02,1218.446
2016-04-03,1107.6130000000003
2016-04-04,1418.2469999999994
2016-04-05,1453.871
2016-04-06,1466.7279999999994
2016-04-07,1472.789
2016-04-08,1440.043
2016-04-09,1206.6360000000002
2016-04-10,1106.4569999999999
2016-04-11,1412.149
2016-04-12,1446.9250000000006
2016-04-13,1458.691
2016-04-14,1447.3529999999994
2016-04-15,1429.3230000000005
2016-04-16,1200.1250000000002
2016-04-17,1113.5210000000004
2016-04-18,1428.7820000000006
2016-04-19,1452.976
2016-04-20,1438.061
2016-04-21,1433.1419999999994
2016-04-22,1410.0830000000005
2016-04-23,1208.184
2016-04-24,1126.023
2016-04-25,1456.44
2016-04-26,1493.585
2016-04-27,1507.164
2016-04-28,1483.175
2016-04-29,1451.057
2016-04-30,1205.8689999999995
2016-05-01,1078.602
2016-05-02,1405.185
2016-05-03,1462.935
2016-05-04,1430.136
2016-05-05,1111.379
2016-05-06,1254.0510000000004
2016-05-07,1149.938
2016-05-08,1072.6530000000002
2016-05-09,1403.8449999999998
2016-05-10,1431.813
2016-05-11,1441.717
2016-05-12,1444.3239999999994
2016-05-13,1405.332
2016-05-14,1168.6180000000004
2016-05-15,1048.215
2016-05-16,1080.327
2016-05-17,1406.559
2016-05-18,1432.7720000000006
2016-05-19,1436.909
2016-05-20,1415.619
2016-05-21,1175.5669999999998
2016-05-22,1099.1520000000003
2016-05-23,1430.6350000000007
2016-05-24,1454.0069999999994
2016-05-25,1426.6760000000004
2016-05-26,1221.0959999999998
2016-05-27,1313.7099999999996
2016-05-28,1169.531
2016-05-29,1096.905
2016-05-30,1423.5739999999994
2016-05-31,1435.085
2016-06-01,1431.441
2016-06-02,1421.839
2016-06-03,1394.273
2016-06-04,1170.0510000000004
2016-06-05,1076.4399999999996
2016-06-06,1393.733
2016-06-07,1419.2320000000002
2016-06-08,1420.1980000000005
2016-06-09,1405.9740000000006
2016-06-10,1371.476
2016-06-11,1156.4510000000002
2016-06-12,1080.805
2016-06-13,1390.9360000000006
2016-06-14,1413.1969999999994
2016-06-15,1408.3120000000001
2016-06-16,1405.908
2016-06-17,1382.5770000000002
2016-06-18,1162.117
2016-06-19,1066.99
2016-06-20,1377.7949999999994
2016-06-21,1408.899
2016-06-22,1426.195
2016-06-23,1446.406
2016-06-24,1427.8890000000006
2016-06-25,1195.55
2016-06-26,1071.035
2016-06-27,1389.2530000000006
2016-06-28,1415.082
2016-06-29,1422.497
2016-06-30,1420.479
2016-07-01,1397.5729999999999
2016-07-02,1173.694
2016-07-03,1064.1180000000004
2016-07-04,1375.6119999999994
2016-07-05,1416.8410000000006
2016-07-06,1413.5970000000002
2016-07-07,1400.1619999999998
2016-07-08,1393.535
2016-07-09,1167.211
2016-07-10,1088.476
2016-07-11,1408.131
2016-07-12,1418.6629999999998
2016-07-13,1392.8839999999998
2016-07-14,1395.8550000000007
2016-07-15,1362.975
2016-07-16,1142.2480000000005
2016-07-17,1065.412
2016-07-18,1371.539
2016-07-19,1399.1629999999998
2016-07-20,1419.223
2016-07-21,1419.3189999999993
2016-07-22,1386.894
2016-07-23,1167.1480000000001
2016-07-24,1076.257
2016-07-25,1382.122
2016-07-26,1401.714
2016-07-27,1396.6149999999998
2016-07-28,1383.221
2016-07-29,1351.6609999999996
2016-07-30,1142.74
2016-07-31,1054.524
2016-08-01,1321.9400000000005
2016-08-02,1356.852
2016-08-03,1382.4480000000005
2016-08-04,1376.755
2016-08-05,1333.8470000000002
2016-08-06,1126.2380000000005
2016-08-07,1038.178
2016-08-08,1339.9519999999995
2016-08-09,1348.4029999999998
2016-08-10,1342.6689999999999
2016-08-11,1336.4730000000004
2016-08-12,1332.2979999999998
2016-08-13,1134.686
2016-08-14,1036.969
2016-08-15,1286.423
2016-08-16,1346.943
2016-08-17,1342.2179999999996
2016-08-18,1354.9949999999994
2016-08-19,1341.0120000000004
2016-08-20,1143.5340000000006
2016-08-21,1042.629
2016-08-22,1357.5179999999998
2016-08-23,1389.3649999999998
2016-08-24,1405.5739999999994
2016-08-25,1414.684
2016-08-26,1399.2990000000002
2016-08-27,1183.501
2016-08-28,1095.56
2016-08-29,1401.3239999999996
2016-08-30,1387.894
2016-08-31,1401.4260000000004
2016-09-01,1407.5200000000002
2016-09-02,1382.375
2016-09-03,1156.702
2016-09-04,1091.754
2016-09-05,1384.297
2016-09-06,1398.7539999999995
2016-09-07,1405.1160000000002
2016-09-08,1420.9589999999994
2016-09-09,1392.97
2016-09-10,1173.3010000000004
2016-09-11,1088.362
2016-09-12,1409.9869999999994
2016-09-13,1446.8239999999996
2016-09-14,1442.332
2016-09-15,1436.4209999999994
2016-09-16,1397.158
2016-09-17,1179.558
2016-09-18,1087.556
2016-09-19,1389.524
2016-09-20,1410.4470000000001
2016-09-21,1407.2020000000002
2016-09-22,1401.531
2016-09-23,1383.836
2016-09-24,1160.873
2016-09-25,1074.47
2016-09-26,1394.293
2016-09-27,1422.983
2016-09-28,1435.4920000000006
2016-09-29,1436.7970000000007
2016-09-30,1403.626
2016-10-01,1175.987
2016-10-02,1081.6829999999998
2016-10-03,1105.1950000000004
2016-10-04,1422.066
2016-10-05,1455.8629999999996
2016-10-06,1489.8080000000002
2016-10-07,1452.49
2016-10-08,1233.1539999999998
2016-10-09,1143.149
2016-10-10,1456.0390000000007
2016-10-11,1494.2240000000006
2016-10-12,1495.9560000000001
2016-10-13,1503.571
2016-10-14,1477.9530000000002
2016-10-15,1243.613
2016-10-16,1136.2669999999996
2016-10-17,1461.4140000000002
2016-10-18,1489.6219999999994
2016-10-19,1503.5650000000005
2016-10-20,1506.2040000000006
2016-10-21,1479.348
2016-10-22,1247.09
2016-10-23,1154.9979999999996
2016-10-24,1482.911
2016-10-25,1499.1879999999999
2016-10-26,1495.4409999999998
2016-10-27,1495.8210000000001
2016-10-28,1480.3160000000007
2016-10-29,1243.5500000000004
2016-10-30,1141.6240000000005
2016-10-31,1331.536
2016-11-01,1301.8729999999996
2016-11-02,1519.388
2016-11-03,1532.0500000000006
2016-11-04,1509.5370000000007
2016-11-05,1299.4080000000001
2016-11-06,1204.939
2016-11-07,1529.1629999999998
2016-11-08,1571.629
2016-11-09,1577.031
2016-11-10,1577.6570000000006
2016-11-11,1568.043
2016-11-12,1343.044
2016-11-13,1252.9719999999998
2016-11-14,1564.09
2016-11-15,1604.101
2016-11-16,1574.0389999999993
2016-11-17,1564.308
2016-11-18,1544.5410000000004
2016-11-19,1334.3410000000001
2016-11-20,1233.9729999999995
2016-11-21,1533.0529999999999
2016-11-22,1552.9989999999998
2016-11-23,1546.1540000000002
2016-11-24,1565.5870000000002
2016-11-25,1544.217
2016-11-26,1336.7359999999996
2016-11-27,1236.9530000000002
2016-11-28,1573.7210000000007
2016-11-29,1628.6170000000004
2016-11-30,1638.3389999999995
2016-12-01,1631.279
2016-12-02,1585.4499999999994
2016-12-03,1371.141
2016-12-04,1299.91
2016-12-05,1614.3829999999996
2016-12-06,1650.0380000000002
2016-12-07,1671.129
2016-12-08,1632.362
2016-12-09,1591.4199999999994
2016-12-10,1345.308
2016-12-11,1267.9969999999996
2016-12-12,1569.869
2016-12-13,1602.297
2016-12-14,1595.2929999999994
2016-12-15,1601.3970000000004
2016-12-16,1567.4879999999994
2016-12-17,1365.5790000000004
2016-12-18,1266.4950000000003
2016-12-19,1542.0179999999998
2016-12-20,1572.427
2016-12-21,1567.3990000000006
2016-12-22,1512.6609999999994
2016-12-23,1415.8109999999995
2016-12-24,1195.354
2016-12-25,1117.6729999999998
2016-12-26,1121.213
2016-12-27,1289.3239999999996
2016-12-28,1294.881
2016-12-29,1295.897
2016-12-30,1291.0440000000006
2016-12-31,1212.568
2017-01-01,1130.4130000000002
2017-01-02,1441.0520000000001
2017-01-03,1529.9900000000002
2017-01-04,1553.083
2017-01-05,1547.2379999999996
2017-01-06,1501.795
2017-01-07,1405.1450000000007
2017-01-08,1301.0110000000002
2017-01-09,1604.348
2017-01-10,1639.046
2017-01-11,1654.809
2017-01-12,1620.5970000000002
2017-01-13,1608.8950000000002
2017-01-14,1392.736
2017-01-15,1289.904
2017-01-16,1605.465
2017-01-17,1649.1039999999994
2017-01-18,1669.3949999999998
2017-01-19,1667.4770000000005
2017-01-20,1641.7370000000005
2017-01-21,1423.02
2017-01-22,1340.3410000000001
2017-01-23,1663.4920000000004
2017-01-24,1682.0020000000006
2017-01-25,1674.171
2017-01-26,1659.5269999999994
2017-01-27,1629.164
2017-01-28,1394.033
2017-01-29,1296.1700000000005
2017-01-30,1605.3560000000002
2017-01-31,1620.86
2017-02-01,1627.9649999999995
2017-02-02,1604.12
2017-02-03,1574.5760000000002
2017-02-04,1344.3909999999996
2017-02-05,1238.8790000000004
2017-02-06,1574.5020000000004
2017-02-07,1621.5740000000005
2017-02-08,1625.4149999999993
2017-02-09,1637.7399999999998
2017-02-10,1622.7850000000005
2017-02-11,1386.7089999999994
2017-02-12,1293.212
2017-02-13,1597.275
2017-02-14,1593.5600000000006
2017-02-15,1579.457
2017-02-16,1576.0439999999999
2017-02-17,1556.1059999999998
2017-02-18,1327.2720000000004
2017-02-19,1245.9789999999996
2017-02-20,1563.139
2017-02-21,1566.9019999999994
2017-02-22,1584.3429999999994
2017-02-23,1561.2349999999994
2017-02-24,1539.6029999999994
2017-02-25,1319.0749999999996
2017-02-26,1208.725
2017-02-27,1467.695
2017-02-28,1532.536
2017-03-01,1551.41
2017-03-02,1541.7329999999995
2017-03-03,1514.1139999999998
2017-03-04,1265.589
2017-03-05,1185.5410000000004
2017-03-06,1519.85
2017-03-07,1554.86
2017-03-08,1565.245
2017-03-09,1545.0659999999998
2017-03-10,1496.8089999999993
2017-03-11,1265.4160000000004
2017-03-12,1170.7
2017-03-13,1478.8370000000002
2017-03-14,1508.3659999999998
2017-03-15,1497.831
2017-03-16,1485.207
2017-03-17,1477.4999999999993
2017-03-18,1294.453
2017-03-19,1180.593
2017-03-20,1476.082
2017-03-21,1510.116
2017-03-22,1511.842
2017-03-23,1498.325
2017-03-24,1467.5279999999998
2017-03-25,1234.089
2017-03-26,1126.8689999999995
2017-03-27,1429.636
2017-03-28,1445.3820000000005
2017-03-29,1455.418
2017-03-30,1439.1710000000005
2017-03-31,1402.5849999999994
2017-04-01,1186.056
2017-04-02,1096.921
2017-04-03,1407.9009999999994
2017-04-04,1426.521
2017-04-05,1456.7179999999996
2017-04-06,1463.9059999999995
2017-04-07,1450.3220000000001
2017-04-08,1202.7530000000004
2017-04-09,1106.1140000000003
2017-04-10,1430.915
2017-04-11,1451.1629999999998
2017-04-12,1455.273
2017-04-13,1420.099
2017-04-14,1130.2759999999996
2017-04-15,1154.583
2017-04-16,1048.7069999999999
2017-04-17,1086.456
2017-04-18,1432.3590000000006
2017-04-19,1476.37
2017-04-20,1472.5990000000006
2017-04-21,1458.7380000000005
2017-04-22,1254.143
2017-04-23,1156.9460000000001
2017-04-24,1448.6329999999996
2017-04-25,1482.6440000000007
2017-04-26,1488.591
2017-04-27,1485.878
2017-04-28,1452.533
2017-04-29,1209.53
2017-04-30,1091.063
2017-05-01,1103.225
2017-05-02,1452.6689999999994
2017-05-03,1471.946
2017-05-04,1487.1760000000004
2017-05-05,1446.1170000000006
2017-05-06,1199.3840000000002
2017-05-07,1113.1289999999997
2017-05-08,1442.2229999999995
2017-05-09,1434.6
2017-05-10,1425.5150000000006
2017-05-11,1419.3309999999994
2017-05-12,1406.4660000000006
2017-05-13,1171.8200000000004
2017-05-14,1071.069
2017-05-15,1387.2779999999998
2017-05-16,1421.6640000000007
2017-05-17,1426.8719999999994
2017-05-18,1429.989
2017-05-19,1416.083
2017-05-20,1171.1560000000004
2017-05-21,1070.7110000000002
2017-05-22,1383.2310000000002
2017-05-23,1419.7379999999996
2017-05-24,1397.888
2017-05-25,1094.1999999999996
2017-05-26,1229.7040000000004
2017-05-27,1140.566
2017-05-28,1079.39
2017-05-29,1414.0190000000002
2017-05-30,1450.4110000000005
2017-05-31,1437.944
2017-06-01,1407.4610000000002
2017-06-02,1392.3610000000006
2017-06-03,1162.876
2017-06-04,1016.0239999999999
2017-06-05,1028.1589999999999
2017-06-06,1367.6049999999998
2017-06-07,1401.233
2017-06-08,1388.3650000000002
2017-06-09,1380.8860000000002
2017-06-10,1149.6329999999996
2017-06-11,1067.4589999999996
2017-06-12,1393.638
2017-06-13,1400.2130000000002
2017-06-14,1369.96
2017-06-15,1204.597
2017-06-16,1302.8170000000002
2017-06-17,1139.3680000000004
2017-06-18,1065.075
2017-06-19,1394.0630000000006
2017-06-20,1440.5469999999998
2017-06-21,1434.325
2017-06-22,1459.289
2017-06-23,1425.3799999999994
2017-06-24,1184.272
2017-06-25,1086.6370000000004
2017-06-26,1399.3
2017-06-27,1417.749
2017-06-28,1431.5
2017-06-29,1411.06
2017-06-30,1383.979
2017-07-01,1160.7620000000004
2017-07-02,1074.715
2017-07-03,1368.5370000000005
2017-07-04,1393.457
2017-07-05,1396.984
2017-07-06,1408.6789999999994
2017-07-07,1395.2579999999994
2017-07-08,1173.655
2017-07-09,1066.2199999999998
2017-07-10,1387.9629999999993
2017-07-11,1394.364
2017-07-12,1412.2759999999994
2017-07-13,1374.525
2017-07-14,1343.5679999999998
2017-07-15,1124.203
2017-07-16,1046.128
2017-07-17,1350.745
2017-07-18,1380.639
2017-07-19,1411.458
2017-07-20,1401.05
2017-07-21,1355.297
2017-07-22,1151.213
2017-07-23,1048.236
2017-07-24,1336.9689999999996
2017-07-25,1373.2560000000005
2017-07-26,1365.235
2017-07-27,1356.9740000000004
2017-07-28,1328.12
2017-07-29,1132.5469999999998
2017-07-30,1061.415
2017-07-31,1333.13
2017-08-01,1364.8189999999995
2017-08-02,1365.735
2017-08-03,1389.4450000000006
2017-08-04,1349.4230000000002
2017-08-05,1130.1339999999998
2017-08-06,1024.3239999999996
2017-08-07,1302.062
2017-08-08,1343.899
2017-08-09,1342.432
2017-08-10,1351.4910000000002
2017-08-11,1329.0389999999998
2017-08-12,1121.458
2017-08-13,1025.07
2017-08-14,1305.3410000000003
2017-08-15,1333.398
2017-08-16,1364.0290000000002
2017-08-17,1377.745
2017-08-18,1362.4799999999998
2017-08-19,1130.9819999999995
2017-08-20,1042.8090000000002
2017-08-21,1347.2120000000002
2017-08-22,1363.1459999999995
2017-08-23,1365.414
2017-08-24,1381.8849999999998
2017-08-25,1363.835
2017-08-26,1155.017
2017-08-27,1066.659
2017-08-28,1369.0980000000004
2017-08-29,1409.3669999999993
2017-08-30,1434.052
2017-08-31,1417.9736799999994
2017-09-01,1361.7873499999996
2017-09-02,1135.72984
2017-09-03,1057.50932
2017-09-04,1359.36636
2017-09-05,1391.7154899999994
2017-09-06,1421.7626300000004
2017-09-07,1406.7650499999993
2017-09-08,1407.6817900000005
2017-09-09,1187.91825
2017-09-10,1092.1046
2017-09-11,1411.2285800000002
2017-09-12,1428.50639
2017-09-13,1460.61621
2017-09-14,1456.4748699999998
2017-09-15,1409.7846999999995
2017-09-16,1181.5044699999999
2017-09-17,1095.3202100000003
2017-09-18,1403.6321399999995
2017-09-19,1429.80947
2017-09-20,1442.87787
2017-09-21,1421.64603
2017-09-22,1401.4063299999993
2017-09-23,1191.1034499999996
2017-09-24,1115.0728800000004
2017-09-25,1419.5917099999995
2017-09-26,1445.4060599999998
2017-09-27,1451.00792
2017-09-28,1446.4482799999994
2017-09-29,1427.92132
2017-09-30,1216.86135
2017-10-01,1106.6858699999998
2017-10-02,1327.6747300000004
2017-10-03,1176.7697
2017-10-04,1458.9854999999998
2017-10-05,1480.53577
2017-10-06,1463.70211
2017-10-07,1248.2794
2017-10-08,1150.3125
2017-10-09,1458.4692200000006
2017-10-10,1489.54663
2017-10-11,1490.0275800000006
2017-10-12,1492.9361199999994
2017-10-13,1463.11905
2017-10-14,1234.9312900000002
2017-10-15,1119.08821
2017-10-16,1438.0236800000002
2017-10-17,1464.3259900000005
2017-10-18,1460.71347
2017-10-19,1466.9420799999998
2017-10-20,1469.6714500000005
2017-10-21,1246.5798599999996
2017-10-22,1164.39959
2017-10-23,1483.51188
2017-10-24,1508.51484
2017-10-25,1506.14869
2017-10-26,1493.6810200000002
2017-10-27,1480.50323
2017-10-28,1284.26158
2017-10-29,1176.9182300000002
2017-10-30,1345.87389
2017-10-31,1204.08577
2017-11-01,1309.1847799999996
2017-11-02,1474.19484
2017-11-03,1471.18241
2017-11-04,1284.77485
2017-11-05,1193.85495
2017-11-06,1505.6717299999993
2017-11-07,1545.63945
2017-11-08,1547.48171
2017-11-09,1557.6309099999999
2017-11-10,1560.41732
2017-11-11,1346.4391599999994
2017-11-12,1241.51495
2017-11-13,1538.83561
2017-11-14,1577.45348
2017-11-15,1562.0336700000007
2017-11-16,1574.73479
2017-11-17,1552.2178
2017-11-18,1369.9188800000004
2017-11-19,1268.00462
2017-11-20,1565.5680500000005
2017-11-21,1576.4959199999996
2017-11-22,1558.72998
2017-11-23,1581.7877
2017-11-24,1528.12694
2017-11-25,1333.1558499999996
2017-11-26,1276.0981800000004
2017-11-27,1602.1779699999993
2017-11-28,1615.3806100000006
2017-11-29,1603.9843499999995
2017-11-30,1617.0330899999994
2017-12-01,1592.96187
2017-12-02,1391.85405
2017-12-03,1330.26226
2017-12-04,1620.9775800000002
2017-12-05,1643.72307
2017-12-06,1639.0826499999994
2017-12-07,1628.4797899999994
2017-12-08,1618.0565800000006
2017-12-09,1415.34531
2017-12-10,1318.1096400000001
2017-12-11,1614.1586200000006
2017-12-12,1647.36346
2017-12-13,1651.90418
2017-12-14,1636.54375
2017-12-15,1576.93197
2017-12-16,1382.87708
2017-12-17,1297.2191599999996
2017-12-18,1578.6907899999994
2017-12-19,1586.4823
2017-12-20,1559.68569
2017-12-21,1520.3720600000006
2017-12-22,1423.2378199999996
2017-12-23,1272.17085
2017-12-24,1141.7572999999998
2017-12-25,1111.28338
2017-12-26,1130.1168300000004
2017-12-27,1263.9409099999996
2017-12-28,1299.86398
2017-12-29,1295.08753
2017-12-30,1215.44897
2017-12-31,1107.11488
