epoch;loss;mean_squared_error;val_loss;val_mean_squared_error
0;0.0821857675909996;0.0821857675909996;0.06573031842708588;0.06573031842708588
1;0.04512414708733559;0.04512414708733559;0.04548431187868118;0.04548431187868118
2;0.04182953014969826;0.04182953014969826;0.04567999020218849;0.04567999020218849
3;0.03688257187604904;0.03688257187604904;0.0437280498445034;0.0437280498445034
4;0.036549873650074005;0.036549873650074005;0.05178671330213547;0.05178671330213547
5;0.03442761301994324;0.03442761301994324;0.0446539968252182;0.0446539968252182
6;0.031171901151537895;0.031171901151537895;0.03716941177845001;0.03716941177845001
7;0.02747993916273117;0.02747993916273117;0.040596697479486465;0.040596697479486465
8;0.024499446153640747;0.024499446153640747;0.043406471610069275;0.043406471610069275
9;0.023527519777417183;0.023527519777417183;0.02720772661268711;0.02720772661268711
10;0.01840389147400856;0.01840389147400856;0.02824593521654606;0.02824593521654606
11;0.01964682899415493;0.01964682899415493;0.02304672636091709;0.02304672636091709
12;0.017835170030593872;0.017835170030593872;0.03225000947713852;0.03225000947713852
13;0.01821243204176426;0.01821243204176426;0.02736567333340645;0.02736567333340645
14;0.016470178961753845;0.016470178961753845;0.021756025031208992;0.021756025031208992
15;0.018024133518338203;0.018024133518338203;0.021775268018245697;0.021775268018245697
16;0.017289308831095695;0.017289308831095695;0.02220301330089569;0.02220301330089569
17;0.015971805900335312;0.015971805900335312;0.021393058821558952;0.021393058821558952
18;0.014930596575140953;0.014930596575140953;0.023186475038528442;0.023186475038528442
19;0.015200111083686352;0.015200111083686352;0.02478545531630516;0.02478545531630516
20;0.016138922423124313;0.016138922423124313;0.021992620080709457;0.021992620080709457
21;0.015972623601555824;0.015972623601555824;0.020913325250148773;0.020913325250148773
22;0.01462490763515234;0.01462490763515234;0.02503071166574955;0.02503071166574955
23;0.015458064153790474;0.015458064153790474;0.02045253850519657;0.02045253850519657
24;0.01425469946116209;0.01425469946116209;0.020100440829992294;0.020100440829992294
25;0.015385965816676617;0.015385965816676617;0.020429838448762894;0.020429838448762894
26;0.014812980778515339;0.014812980778515339;0.021848099306225777;0.021848099306225777
27;0.013871496543288231;0.013871496543288231;0.021083924919366837;0.021083924919366837
28;0.01416691578924656;0.01416691578924656;0.020432669669389725;0.020432669669389725
29;0.013369112275540829;0.013369112275540829;0.01906970702111721;0.01906970702111721
30;0.01311695110052824;0.01311695110052824;0.018738549202680588;0.018738549202680588
31;0.013626465573906898;0.013626465573906898;0.019364839419722557;0.019364839419722557
32;0.014090219512581825;0.014090219512581825;0.029137954115867615;0.029137954115867615
33;0.01734139397740364;0.01734139397740364;0.019542384892702103;0.019542384892702103
34;0.013865921646356583;0.013865921646356583;0.020013613626360893;0.020013613626360893
35;0.013307585380971432;0.013307585380971432;0.01836101897060871;0.01836101897060871
36;0.013348826207220554;0.013348826207220554;0.01756211556494236;0.01756211556494236
37;0.011807955801486969;0.011807955801486969;0.017712263390421867;0.017712263390421867
38;0.011612207628786564;0.011612207628786564;0.01626514457166195;0.01626514457166195
39;0.011411122977733612;0.011411122977733612;0.0158724132925272;0.0158724132925272
40;0.011595489457249641;0.011595489457249641;0.016619279980659485;0.016619279980659485
41;0.011071955785155296;0.011071955785155296;0.016079498454928398;0.016079498454928398
42;0.011634916067123413;0.011634916067123413;0.016393860802054405;0.016393860802054405
43;0.010723641142249107;0.010723641142249107;0.017501987516880035;0.017501987516880035
44;0.011355794034898281;0.011355794034898281;0.016173047944903374;0.016173047944903374
45;0.01104692742228508;0.01104692742228508;0.016032138839364052;0.016032138839364052
46;0.010475726798176765;0.010475726798176765;0.016440335661172867;0.016440335661172867
47;0.010476945899426937;0.010476945899426937;0.018333029001951218;0.018333029001951218
48;0.010760963894426823;0.010760963894426823;0.016818130388855934;0.016818130388855934
49;0.010087627917528152;0.010087627917528152;0.01584748737514019;0.01584748737514019
50;0.0104678925126791;0.0104678925126791;0.017626771703362465;0.017626771703362465
51;0.011118907481431961;0.011118907481431961;0.01837964914739132;0.01837964914739132
52;0.010620872490108013;0.010620872490108013;0.016569215804338455;0.016569215804338455
53;0.010246447287499905;0.010246447287499905;0.016322510316967964;0.016322510316967964
54;0.011577357538044453;0.011577357538044453;0.016430819407105446;0.016430819407105446
55;0.009810303337872028;0.009810303337872028;0.015797363594174385;0.015797363594174385
56;0.00908084586262703;0.00908084586262703;0.01826155185699463;0.01826155185699463
57;0.010356764309108257;0.010356764309108257;0.016035158187150955;0.016035158187150955
58;0.00914769247174263;0.00914769247174263;0.015890637412667274;0.015890637412667274
59;0.009060707874596119;0.009060707874596119;0.01565253734588623;0.01565253734588623
60;0.009379005059599876;0.009379005059599876;0.01644936203956604;0.01644936203956604
61;0.009156822226941586;0.009156822226941586;0.015200012363493443;0.015200012363493443
62;0.00908009521663189;0.00908009521663189;0.016663432121276855;0.016663432121276855
63;0.009111857041716576;0.009111857041716576;0.01573442481458187;0.01573442481458187
64;0.008269400335848331;0.008269400335848331;0.015527374111115932;0.015527374111115932
65;0.008341330103576183;0.008341330103576183;0.01604738086462021;0.01604738086462021
66;0.008505006320774555;0.008505006320774555;0.0167837031185627;0.0167837031185627
67;0.008829256519675255;0.008829256519675255;0.016659948974847794;0.016659948974847794
68;0.008460180833935738;0.008460180833935738;0.01669985242187977;0.01669985242187977
69;0.008416133932769299;0.008416133932769299;0.015719249844551086;0.015719249844551086
70;0.008263506926596165;0.008263506926596165;0.015884198248386383;0.015884198248386383
71;0.008187157101929188;0.008187157101929188;0.01694590412080288;0.01694590412080288
72;0.008437743410468102;0.008437743410468102;0.01589079387485981;0.01589079387485981
73;0.008244914934039116;0.008244914934039116;0.015500330366194248;0.015500330366194248
74;0.008474123664200306;0.008474123664200306;0.015228756703436375;0.015228756703436375
75;0.007682421710342169;0.007682421710342169;0.016180848702788353;0.016180848702788353
76;0.008186484687030315;0.008186484687030315;0.01597285270690918;0.01597285270690918
77;0.007928851060569286;0.007928851060569286;0.01518507394939661;0.01518507394939661
78;0.008292535319924355;0.008292535319924355;0.015034662559628487;0.015034662559628487
79;0.008303587324917316;0.008303587324917316;0.016030749306082726;0.016030749306082726
80;0.007754632271826267;0.007754632271826267;0.014536782167851925;0.014536782167851925
81;0.007653241977095604;0.007653241977095604;0.01557242777198553;0.01557242777198553
82;0.00771591579541564;0.00771591579541564;0.016185835003852844;0.016185835003852844
83;0.00812507513910532;0.00812507513910532;0.01647026650607586;0.01647026650607586
84;0.0077962917275726795;0.0077962917275726795;0.014871226623654366;0.014871226623654366
85;0.007780290208756924;0.007780290208756924;0.01488966029137373;0.01488966029137373
86;0.007499603554606438;0.007499603554606438;0.014721599407494068;0.014721599407494068
87;0.007875075563788414;0.007875075563788414;0.017268696799874306;0.017268696799874306
88;0.008975946344435215;0.008975946344435215;0.014837616123259068;0.014837616123259068
89;0.00746172945946455;0.00746172945946455;0.014541326090693474;0.014541326090693474
90;0.007701687049120665;0.007701687049120665;0.014047696255147457;0.014047696255147457
91;0.007903750985860825;0.007903750985860825;0.014875511638820171;0.014875511638820171
92;0.007620548363775015;0.007620548363775015;0.01483380701392889;0.01483380701392889
93;0.007541269063949585;0.007541269063949585;0.014673871919512749;0.014673871919512749
94;0.007501361891627312;0.007501361891627312;0.014492425136268139;0.014492425136268139
95;0.007636896800249815;0.007636896800249815;0.015213041566312313;0.015213041566312313
96;0.007816295139491558;0.007816295139491558;0.014996846206486225;0.014996846206486225
97;0.007451691664755344;0.007451691664755344;0.014994625002145767;0.014994625002145767
98;0.007488739211112261;0.007488739211112261;0.014879055321216583;0.014879055321216583
99;0.007803769316524267;0.007803769316524267;0.014080237597227097;0.014080237597227097
100;0.007182030938565731;0.007182030938565731;0.014032860286533833;0.014032860286533833
101;0.007615859620273113;0.007615859620273113;0.013863729313015938;0.013863729313015938
102;0.007523670326918364;0.007523670326918364;0.014641844667494297;0.014641844667494297
103;0.007171290460973978;0.007171290460973978;0.013817508704960346;0.013817508704960346
104;0.0074033173732459545;0.0074033173732459545;0.015082070603966713;0.015082070603966713
105;0.007082041818648577;0.007082041818648577;0.014147602021694183;0.014147602021694183
106;0.007332727778702974;0.007332727778702974;0.014295997098088264;0.014295997098088264
107;0.007036361377686262;0.007036361377686262;0.014910230413079262;0.014910230413079262
108;0.007278227247297764;0.007278227247297764;0.014061231166124344;0.014061231166124344
109;0.007095393259078264;0.007095393259078264;0.014394826255738735;0.014394826255738735
110;0.007774729281663895;0.007774729281663895;0.013865611515939236;0.013865611515939236
111;0.007055244408547878;0.007055244408547878;0.01329102274030447;0.01329102274030447
112;0.006752259097993374;0.006752259097993374;0.014285766519606113;0.014285766519606113
113;0.007481298875063658;0.007481298875063658;0.014655075035989285;0.014655075035989285
114;0.008206565864384174;0.008206565864384174;0.01496016513556242;0.01496016513556242
115;0.0077654230408370495;0.0077654230408370495;0.013759259134531021;0.013759259134531021
116;0.00741617614403367;0.00741617614403367;0.014441536739468575;0.014441536739468575
117;0.007310767192393541;0.007310767192393541;0.01415762398391962;0.01415762398391962
118;0.0067204697988927364;0.0067204697988927364;0.015345418825745583;0.015345418825745583
119;0.006805117707699537;0.006805117707699537;0.014674961566925049;0.014674961566925049
120;0.007435342762619257;0.007435342762619257;0.013929788954555988;0.013929788954555988
121;0.006826756056398153;0.006826756056398153;0.01453667227178812;0.01453667227178812
122;0.007321691606193781;0.007321691606193781;0.013795352540910244;0.013795352540910244
123;0.006787342019379139;0.006787342019379139;0.014651390723884106;0.014651390723884106
124;0.0070141637697815895;0.0070141637697815895;0.01421283558011055;0.01421283558011055
125;0.006894462741911411;0.006894462741911411;0.013998250477015972;0.013998250477015972
126;0.006523453164845705;0.006523453164845705;0.013954579830169678;0.013954579830169678
127;0.0066213225945830345;0.0066213225945830345;0.01419607363641262;0.01419607363641262
128;0.006557893007993698;0.006557893007993698;0.01332873571664095;0.01332873571664095
129;0.007100310642272234;0.007100310642272234;0.014355053193867207;0.014355053193867207
130;0.0069608381018042564;0.0069608381018042564;0.01460576057434082;0.01460576057434082
131;0.006536934990435839;0.006536934990435839;0.013524112291634083;0.013524112291634083
132;0.007030810229480267;0.007030810229480267;0.016230009496212006;0.016230009496212006
133;0.006752410437911749;0.006752410437911749;0.013388178311288357;0.013388178311288357
134;0.006825584452599287;0.006825584452599287;0.014503647573292255;0.014503647573292255
135;0.007079096045345068;0.007079096045345068;0.015480762347579002;0.015480762347579002
136;0.006323568057268858;0.006323568057268858;0.013703319244086742;0.013703319244086742
137;0.006521262228488922;0.006521262228488922;0.013760714791715145;0.013760714791715145
138;0.006509539671242237;0.006509539671242237;0.013447985984385014;0.013447985984385014
139;0.0065332576632499695;0.0065332576632499695;0.014603166840970516;0.014603166840970516
140;0.0064939777366817;0.0064939777366817;0.014356076717376709;0.014356076717376709
141;0.0061988686211407185;0.0061988686211407185;0.013692418113350868;0.013692418113350868
142;0.006013722158968449;0.006013722158968449;0.013077139854431152;0.013077139854431152
143;0.00645094458013773;0.00645094458013773;0.01378383208066225;0.01378383208066225
144;0.00610537501052022;0.00610537501052022;0.01405265275388956;0.01405265275388956
145;0.006054792553186417;0.006054792553186417;0.013436581008136272;0.013436581008136272
146;0.006440915632992983;0.006440915632992983;0.013517762534320354;0.013517762534320354
147;0.0060663605108857155;0.0060663605108857155;0.01479980070143938;0.01479980070143938
148;0.006625718902796507;0.006625718902796507;0.013827555812895298;0.013827555812895298
149;0.006950658746063709;0.006950658746063709;0.013010676950216293;0.013010676950216293
150;0.006233546882867813;0.006233546882867813;0.01328976172953844;0.01328976172953844
151;0.0063971662893891335;0.0063971662893891335;0.013228504918515682;0.013228504918515682
152;0.006600148975849152;0.006600148975849152;0.013570155017077923;0.013570155017077923
153;0.0065860440954566;0.0065860440954566;0.012812484055757523;0.012812484055757523
154;0.00631676847115159;0.00631676847115159;0.013505370356142521;0.013505370356142521
155;0.0059258160181343555;0.0059258160181343555;0.01255004946142435;0.01255004946142435
156;0.006394905969500542;0.006394905969500542;0.013146252371370792;0.013146252371370792
157;0.006402710918337107;0.006402710918337107;0.013368113897740841;0.013368113897740841
158;0.00649154931306839;0.00649154931306839;0.012796872295439243;0.012796872295439243
159;0.006073387805372477;0.006073387805372477;0.013025643303990364;0.013025643303990364
160;0.006162563804537058;0.006162563804537058;0.012081928551197052;0.012081928551197052
161;0.005898636300116777;0.005898636300116777;0.015081070363521576;0.015081070363521576
162;0.006591320503503084;0.006591320503503084;0.01305980421602726;0.01305980421602726
163;0.006707505788654089;0.006707505788654089;0.012820206582546234;0.012820206582546234
164;0.006241291295737028;0.006241291295737028;0.014013329520821571;0.014013329520821571
165;0.006153218448162079;0.006153218448162079;0.011816940270364285;0.011816940270364285
166;0.0057328203693032265;0.0057328203693032265;0.012105999514460564;0.012105999514460564
167;0.006053421180695295;0.006053421180695295;0.013454169034957886;0.013454169034957886
168;0.008121560327708721;0.008121560327708721;0.01444927416741848;0.01444927416741848
169;0.0065383645705878735;0.0065383645705878735;0.013702386058866978;0.013702386058866978
170;0.006006154697388411;0.006006154697388411;0.012666747905313969;0.012666747905313969
171;0.005759241059422493;0.005759241059422493;0.01240532100200653;0.01240532100200653
172;0.005734164733439684;0.005734164733439684;0.012332847341895103;0.012332847341895103
173;0.005656884051859379;0.005656884051859379;0.01296437717974186;0.01296437717974186
174;0.0058317226357758045;0.0058317226357758045;0.012320169247686863;0.012320169247686863
175;0.006024480797350407;0.006024480797350407;0.012993287295103073;0.012993287295103073
176;0.005889976397156715;0.005889976397156715;0.0130435386672616;0.0130435386672616
177;0.006527649238705635;0.006527649238705635;0.012765266932547092;0.012765266932547092
178;0.006056183949112892;0.006056183949112892;0.012334615923464298;0.012334615923464298
179;0.005534857977181673;0.005534857977181673;0.012285123579204082;0.012285123579204082
180;0.006033748388290405;0.006033748388290405;0.011532568372786045;0.011532568372786045
181;0.006981855258345604;0.006981855258345604;0.014125378802418709;0.014125378802418709
182;0.0070211561396718025;0.0070211561396718025;0.012558677233755589;0.012558677233755589
183;0.0058965617790818214;0.0058965617790818214;0.012111563235521317;0.012111563235521317
184;0.005545787513256073;0.005545787513256073;0.012399442493915558;0.012399442493915558
185;0.005768070928752422;0.005768070928752422;0.012698501348495483;0.012698501348495483
186;0.005939461290836334;0.005939461290836334;0.011521629989147186;0.011521629989147186
187;0.00581653555855155;0.00581653555855155;0.01169347669929266;0.01169347669929266
188;0.006026712246239185;0.006026712246239185;0.012570318765938282;0.012570318765938282
189;0.005801590159535408;0.005801590159535408;0.012433512136340141;0.012433512136340141
190;0.0054311431013047695;0.0054311431013047695;0.012289637699723244;0.012289637699723244
191;0.005665317643433809;0.005665317643433809;0.013617433607578278;0.013617433607578278
192;0.005759324878454208;0.005759324878454208;0.013238604180514812;0.013238604180514812
193;0.006310923490673304;0.006310923490673304;0.011849160306155682;0.011849160306155682
194;0.005669510457664728;0.005669510457664728;0.012301201932132244;0.012301201932132244
195;0.005407669115811586;0.005407669115811586;0.013500731438398361;0.013500731438398361
196;0.005477720871567726;0.005477720871567726;0.013681745156645775;0.013681745156645775
197;0.007077652961015701;0.007077652961015701;0.014092723838984966;0.014092723838984966
198;0.005795774050056934;0.005795774050056934;0.012380965054035187;0.012380965054035187
199;0.005515710450708866;0.005515710450708866;0.011781824752688408;0.011781824752688408
200;0.0056801303289830685;0.0056801303289830685;0.012187433429062366;0.012187433429062366
201;0.005113250110298395;0.005113250110298395;0.01156462263315916;0.01156462263315916
202;0.005233494099229574;0.005233494099229574;0.012023836374282837;0.012023836374282837
203;0.005358066875487566;0.005358066875487566;0.011712132021784782;0.011712132021784782
204;0.005742537323385477;0.005742537323385477;0.013038313016295433;0.013038313016295433
205;0.00512881763279438;0.00512881763279438;0.012072728946805;0.012072728946805
206;0.005346338264644146;0.005346338264644146;0.01240127719938755;0.01240127719938755
207;0.0052152699790894985;0.0052152699790894985;0.012077432125806808;0.012077432125806808
208;0.005419876426458359;0.005419876426458359;0.0124055752530694;0.0124055752530694
209;0.005824577063322067;0.005824577063322067;0.012397362850606441;0.012397362850606441
210;0.005334589630365372;0.005334589630365372;0.01168119814246893;0.01168119814246893
211;0.005964635871350765;0.005964635871350765;0.012578075751662254;0.012578075751662254
212;0.006052900571376085;0.006052900571376085;0.013240446336567402;0.013240446336567402
213;0.005404158495366573;0.005404158495366573;0.013887074775993824;0.013887074775993824
214;0.005503521766513586;0.005503521766513586;0.012860691174864769;0.012860691174864769
215;0.005275473929941654;0.005275473929941654;0.011571371927857399;0.011571371927857399
216;0.005055523477494717;0.005055523477494717;0.012652628123760223;0.012652628123760223
217;0.005665864795446396;0.005665864795446396;0.010920288041234016;0.010920288041234016
218;0.005191706120967865;0.005191706120967865;0.011768518947064877;0.011768518947064877
219;0.005194340366870165;0.005194340366870165;0.013008910231292248;0.013008910231292248
220;0.005060785450041294;0.005060785450041294;0.011889885179698467;0.011889885179698467
221;0.0051834615878760815;0.0051834615878760815;0.01187997404485941;0.01187997404485941
222;0.005133756902068853;0.005133756902068853;0.01298616360872984;0.01298616360872984
223;0.004893315024673939;0.004893315024673939;0.011633624322712421;0.011633624322712421
224;0.005174485966563225;0.005174485966563225;0.0122584393247962;0.0122584393247962
225;0.00547427125275135;0.00547427125275135;0.011854673735797405;0.011854673735797405
226;0.00521106319501996;0.00521106319501996;0.017025554552674294;0.017025554552674294
227;0.0056007937528193;0.0056007937528193;0.01255219615995884;0.01255219615995884
228;0.004921251907944679;0.004921251907944679;0.012042568065226078;0.012042568065226078
229;0.005152132827788591;0.005152132827788591;0.012154015712440014;0.012154015712440014
230;0.005405097268521786;0.005405097268521786;0.012300550006330013;0.012300550006330013
231;0.004866361152380705;0.004866361152380705;0.014005843549966812;0.014005843549966812
232;0.005416330881416798;0.005416330881416798;0.011943580582737923;0.011943580582737923
233;0.005826542153954506;0.005826542153954506;0.012293637730181217;0.012293637730181217
234;0.005339219234883785;0.005339219234883785;0.014102683402597904;0.014102683402597904
235;0.0050319829024374485;0.0050319829024374485;0.012133153155446053;0.012133153155446053
236;0.004897362552583218;0.004897362552583218;0.012599073350429535;0.012599073350429535
237;0.004582247696816921;0.004582247696816921;0.011829476803541183;0.011829476803541183
238;0.004768470302224159;0.004768470302224159;0.012279455550014973;0.012279455550014973
239;0.004713403061032295;0.004713403061032295;0.01162188220769167;0.01162188220769167
240;0.005017084069550037;0.005017084069550037;0.012793508358299732;0.012793508358299732
241;0.005080707371234894;0.005080707371234894;0.0131928576156497;0.0131928576156497
242;0.004941084887832403;0.004941084887832403;0.01283092051744461;0.01283092051744461
243;0.004637571983039379;0.004637571983039379;0.011666444130241871;0.011666444130241871
244;0.0048138853162527084;0.0048138853162527084;0.01279170997440815;0.01279170997440815
245;0.005412828177213669;0.005412828177213669;0.013291517272591591;0.013291517272591591
246;0.005265902727842331;0.005265902727842331;0.013224875554442406;0.013224875554442406
247;0.004743446130305529;0.004743446130305529;0.01221880130469799;0.01221880130469799
248;0.004676847252994776;0.004676847252994776;0.012731150723993778;0.012731150723993778
249;0.004676856100559235;0.004676856100559235;0.012466061860322952;0.012466061860322952
250;0.004653571639209986;0.004653571639209986;0.011713875457644463;0.011713875457644463
251;0.0045569115318357944;0.0045569115318357944;0.012299410067498684;0.012299410067498684
252;0.0045671225525438786;0.0045671225525438786;0.011379176750779152;0.011379176750779152
253;0.004423877224326134;0.004423877224326134;0.012660505250096321;0.012660505250096321
254;0.004956838674843311;0.004956838674843311;0.011632918380200863;0.011632918380200863
255;0.004965485539287329;0.004965485539287329;0.012061340734362602;0.012061340734362602
256;0.004347580019384623;0.004347580019384623;0.012708567082881927;0.012708567082881927
257;0.004450884182006121;0.004450884182006121;0.012341844849288464;0.012341844849288464
258;0.0045359134674072266;0.0045359134674072266;0.013551346026360989;0.013551346026360989
259;0.004718337208032608;0.004718337208032608;0.01313452422618866;0.01313452422618866
260;0.004621506668627262;0.004621506668627262;0.012512941844761372;0.012512941844761372
261;0.004940897226333618;0.004940897226333618;0.013166423887014389;0.013166423887014389
262;0.005330332089215517;0.005330332089215517;0.012102079577744007;0.012102079577744007
263;0.004703953396528959;0.004703953396528959;0.011564932763576508;0.011564932763576508
264;0.00440989201888442;0.00440989201888442;0.012262402102351189;0.012262402102351189
265;0.004522872623056173;0.004522872623056173;0.012108045630156994;0.012108045630156994
266;0.0046205841936171055;0.0046205841936171055;0.012616951018571854;0.012616951018571854
267;0.0043615978211164474;0.0043615978211164474;0.011618838645517826;0.011618838645517826
268;0.004603492096066475;0.004603492096066475;0.012021816335618496;0.012021816335618496
269;0.004298005718737841;0.004298005718737841;0.013798179104924202;0.013798179104924202
270;0.004717034287750721;0.004717034287750721;0.01219902466982603;0.01219902466982603
271;0.005032361019402742;0.005032361019402742;0.015096897259354591;0.015096897259354591
272;0.006047977600246668;0.006047977600246668;0.012419492937624454;0.012419492937624454
273;0.005328018683940172;0.005328018683940172;0.0116145433858037;0.0116145433858037
274;0.004708307329565287;0.004708307329565287;0.012481584213674068;0.012481584213674068
275;0.004528682213276625;0.004528682213276625;0.01126950141042471;0.01126950141042471
276;0.004559655673801899;0.004559655673801899;0.011412207968533039;0.011412207968533039
277;0.004314218182116747;0.004314218182116747;0.011498626321554184;0.011498626321554184
278;0.004149800632148981;0.004149800632148981;0.011245050467550755;0.011245050467550755
279;0.004452311433851719;0.004452311433851719;0.011290363036096096;0.011290363036096096
280;0.004688209388405085;0.004688209388405085;0.01175064966082573;0.01175064966082573
281;0.004343264736235142;0.004343264736235142;0.011854361742734909;0.011854361742734909
282;0.004087893292307854;0.004087893292307854;0.011902513913810253;0.011902513913810253
283;0.004058329854160547;0.004058329854160547;0.011140625923871994;0.011140625923871994
284;0.00418273638933897;0.00418273638933897;0.012471198104321957;0.012471198104321957
285;0.00394998537376523;0.00394998537376523;0.011351444758474827;0.011351444758474827
286;0.00428182166069746;0.00428182166069746;0.01141793467104435;0.01141793467104435
287;0.004053052514791489;0.004053052514791489;0.01113341748714447;0.01113341748714447
288;0.0045903632417321205;0.0045903632417321205;0.011683602817356586;0.011683602817356586
289;0.004308520350605249;0.004308520350605249;0.010942632332444191;0.010942632332444191
290;0.004310387186706066;0.004310387186706066;0.011833230033516884;0.011833230033516884
291;0.004025563597679138;0.004025563597679138;0.010987539775669575;0.010987539775669575
292;0.004065115936100483;0.004065115936100483;0.012620039284229279;0.012620039284229279
293;0.004261486232280731;0.004261486232280731;0.012396324425935745;0.012396324425935745
294;0.004143490921705961;0.004143490921705961;0.011665884405374527;0.011665884405374527
295;0.004049627110362053;0.004049627110362053;0.011720455251634121;0.011720455251634121
296;0.0044362787157297134;0.0044362787157297134;0.012064957059919834;0.012064957059919834
297;0.004371008835732937;0.004371008835732937;0.0113951051607728;0.0113951051607728
298;0.004143211990594864;0.004143211990594864;0.009930429048836231;0.009930429048836231
299;0.00448974734172225;0.00448974734172225;0.011850914917886257;0.011850914917886257
300;0.00409398740157485;0.00409398740157485;0.012113318778574467;0.012113318778574467
301;0.003915047738701105;0.003915047738701105;0.010513907298445702;0.010513907298445702
302;0.0045853531919419765;0.0045853531919419765;0.01356809213757515;0.01356809213757515
303;0.004660900216549635;0.004660900216549635;0.012190223671495914;0.012190223671495914
304;0.005089230835437775;0.005089230835437775;0.012444515712559223;0.012444515712559223
305;0.005256516393274069;0.005256516393274069;0.01456071063876152;0.01456071063876152
306;0.004953734576702118;0.004953734576702118;0.011833133175969124;0.011833133175969124
307;0.0041264137253165245;0.0041264137253165245;0.011824493296444416;0.011824493296444416
308;0.004346628673374653;0.004346628673374653;0.010909441858530045;0.010909441858530045
309;0.004585581831634045;0.004585581831634045;0.010134889744222164;0.010134889744222164
310;0.004516371060162783;0.004516371060162783;0.011468684300780296;0.011468684300780296
311;0.004522295668721199;0.004522295668721199;0.011441617272794247;0.011441617272794247
312;0.004254172556102276;0.004254172556102276;0.011956213042140007;0.011956213042140007
313;0.004333015996962786;0.004333015996962786;0.010079829022288322;0.010079829022288322
314;0.004041374661028385;0.004041374661028385;0.011826408095657825;0.011826408095657825
315;0.004157323390245438;0.004157323390245438;0.010884973220527172;0.010884973220527172
316;0.004087936133146286;0.004087936133146286;0.011693104170262814;0.011693104170262814
317;0.00398259237408638;0.00398259237408638;0.011767476797103882;0.011767476797103882
318;0.004011340904980898;0.004011340904980898;0.012164279818534851;0.012164279818534851
319;0.004319901578128338;0.004319901578128338;0.011822666972875595;0.011822666972875595
320;0.003928904887288809;0.003928904887288809;0.012178446166217327;0.012178446166217327
321;0.003791256109252572;0.003791256109252572;0.012330282479524612;0.012330282479524612
322;0.004155965521931648;0.004155965521931648;0.012333770282566547;0.012333770282566547
323;0.0038335935678333044;0.0038335935678333044;0.011910542845726013;0.011910542845726013
324;0.004954465664923191;0.004954465664923191;0.012637282721698284;0.012637282721698284
325;0.004028515424579382;0.004028515424579382;0.01129098329693079;0.01129098329693079
326;0.0037561652716249228;0.0037561652716249228;0.01230614073574543;0.01230614073574543
327;0.003818151541054249;0.003818151541054249;0.011600403115153313;0.011600403115153313
328;0.003862038953229785;0.003862038953229785;0.011709630489349365;0.011709630489349365
329;0.004083618521690369;0.004083618521690369;0.013953316025435925;0.013953316025435925
330;0.003944005351513624;0.003944005351513624;0.01119999773800373;0.01119999773800373
331;0.003753323806449771;0.003753323806449771;0.01190312672406435;0.01190312672406435
332;0.004075561184436083;0.004075561184436083;0.011209094896912575;0.011209094896912575
333;0.004279252141714096;0.004279252141714096;0.012586266733705997;0.012586266733705997
334;0.004774049390107393;0.004774049390107393;0.01195064838975668;0.01195064838975668
335;0.004269766621291637;0.004269766621291637;0.010520512238144875;0.010520512238144875
336;0.004454446025192738;0.004454446025192738;0.012074841186404228;0.012074841186404228
337;0.004288861528038979;0.004288861528038979;0.01155528798699379;0.01155528798699379
338;0.004151098430156708;0.004151098430156708;0.010757781565189362;0.010757781565189362
339;0.0038675006944686174;0.0038675006944686174;0.010896345600485802;0.010896345600485802
340;0.004137193318456411;0.004137193318456411;0.011203850619494915;0.011203850619494915
341;0.00501355342566967;0.00501355342566967;0.014905279502272606;0.014905279502272606
342;0.004946954548358917;0.004946954548358917;0.010754107497632504;0.010754107497632504
343;0.004844446666538715;0.004844446666538715;0.011899782344698906;0.011899782344698906
344;0.004654780961573124;0.004654780961573124;0.01075931079685688;0.01075931079685688
345;0.00424454128369689;0.00424454128369689;0.010720327496528625;0.010720327496528625
346;0.003990677185356617;0.003990677185356617;0.010468325577676296;0.010468325577676296
347;0.004096933640539646;0.004096933640539646;0.01116588432341814;0.01116588432341814
348;0.004003045614808798;0.004003045614808798;0.01117183081805706;0.01117183081805706
349;0.0038999547250568867;0.0038999547250568867;0.011662843637168407;0.011662843637168407
350;0.005758556071668863;0.005758556071668863;0.01191986259073019;0.01191986259073019
351;0.005591574590653181;0.005591574590653181;0.01212143711745739;0.01212143711745739
352;0.004527172539383173;0.004527172539383173;0.011532974429428577;0.011532974429428577
353;0.003966864664107561;0.003966864664107561;0.011675812304019928;0.011675812304019928
354;0.0037864851765334606;0.0037864851765334606;0.010640356689691544;0.010640356689691544
355;0.003516818629577756;0.003516818629577756;0.01105149183422327;0.01105149183422327
356;0.0035768626257777214;0.0035768626257777214;0.01131088100373745;0.01131088100373745
357;0.0036203255876898766;0.0036203255876898766;0.009960733354091644;0.009960733354091644
358;0.003434344893321395;0.003434344893321395;0.011420979164540768;0.011420979164540768
359;0.0035382460337132215;0.0035382460337132215;0.011062707751989365;0.011062707751989365
360;0.003568098647519946;0.003568098647519946;0.011526402086019516;0.011526402086019516
361;0.0038831736892461777;0.0038831736892461777;0.01107268687337637;0.01107268687337637
362;0.0035813988652080297;0.0035813988652080297;0.010125589556992054;0.010125589556992054
363;0.003447512397542596;0.003447512397542596;0.011726527474820614;0.011726527474820614
364;0.0033278369810432196;0.0033278369810432196;0.011194908060133457;0.011194908060133457
365;0.003525736043229699;0.003525736043229699;0.01225761603564024;0.01225761603564024
366;0.0034385640174150467;0.0034385640174150467;0.011055137030780315;0.011055137030780315
367;0.0036551100201904774;0.0036551100201904774;0.012821334414184093;0.012821334414184093
368;0.0036734796594828367;0.0036734796594828367;0.01189496275037527;0.01189496275037527
369;0.003638029797002673;0.003638029797002673;0.010961013846099377;0.010961013846099377
370;0.003549424698576331;0.003549424698576331;0.012199250981211662;0.012199250981211662
371;0.003948007244616747;0.00394800677895546;0.012044708244502544;0.012044708244502544
372;0.0045753465965390205;0.0045753465965390205;0.0118319196626544;0.0118319196626544
373;0.0036611047107726336;0.0036611047107726336;0.011979841627180576;0.011979841627180576
374;0.0035240028519183397;0.0035240028519183397;0.011756615713238716;0.011756615713238716
375;0.003442848101258278;0.003442848101258278;0.011534539982676506;0.011534539982676506
376;0.0038444134406745434;0.0038444134406745434;0.012584749609231949;0.012584749609231949
377;0.0036001848056912422;0.0036001848056912422;0.011118104681372643;0.011118104681372643
378;0.0035830403212457895;0.0035830403212457895;0.012021075934171677;0.012021075934171677
379;0.0032747003715485334;0.0032747003715485334;0.011207694187760353;0.011207694187760353
380;0.003255045274272561;0.003255045274272561;0.010969742201268673;0.010969742201268673
381;0.003387484233826399;0.003387484233826399;0.012336017563939095;0.012336017563939095
382;0.0036286492832005024;0.0036286492832005024;0.012115711346268654;0.012115711346268654
383;0.0037203526590019464;0.0037203526590019464;0.013693089596927166;0.013693089596927166
384;0.003757342929020524;0.003757342929020524;0.011533875949680805;0.011533875949680805
385;0.003499628510326147;0.003499628510326147;0.010797668248414993;0.010797668248414993
386;0.004581073764711618;0.004581073764711618;0.01119354460388422;0.01119354460388422
387;0.005327968392521143;0.005327968392521143;0.013797653838992119;0.013797653838992119
388;0.006763220764696598;0.006763220764696598;0.013328677974641323;0.013328677974641323
389;0.005273131188005209;0.005273131188005209;0.0121774235740304;0.0121774235740304
390;0.004899248480796814;0.004899248480796814;0.011763515882194042;0.011763515882194042
391;0.0045657833106815815;0.0045657833106815815;0.011463021859526634;0.011463021859526634
392;0.0039969077333807945;0.0039969077333807945;0.010395245626568794;0.010395245626568794
393;0.0038764060009270906;0.0038764060009270906;0.01043698564171791;0.01043698564171791
394;0.004080458078533411;0.004080458078533411;0.010429074056446552;0.010429074056446552
395;0.00406034616753459;0.00406034616753459;0.010569863021373749;0.010569863021373749
396;0.0037830634973943233;0.0037830634973943233;0.010560317896306515;0.010560317896306515
397;0.00409878371283412;0.00409878371283412;0.010392728261649609;0.010392728261649609
398;0.003534330055117607;0.003534330055117607;0.00974544882774353;0.00974544882774353
399;0.003487572306767106;0.003487572306767106;0.010124015621840954;0.010124015621840954
400;0.0033695679157972336;0.0033695679157972336;0.009891785681247711;0.009891785681247711
401;0.003558168187737465;0.003558168187737465;0.01051435898989439;0.01051435898989439
402;0.0033944963943213224;0.0033944963943213224;0.009129867888987064;0.009129867888987064
403;0.0032391289714723825;0.0032391289714723825;0.009242315776646137;0.009242315776646137
404;0.0032142451964318752;0.0032142451964318752;0.009897847659885883;0.009897847659885883
405;0.003400025889277458;0.003400025889277458;0.009852505289018154;0.009852505289018154
406;0.003563706297427416;0.003563706297427416;0.009975033812224865;0.009975033812224865
407;0.003509432775899768;0.003509432775899768;0.010097512975335121;0.010097512975335121
408;0.00325656495988369;0.00325656495988369;0.010239574126899242;0.010239574126899242
409;0.003160735359415412;0.003160735359415412;0.009883837774395943;0.009883837774395943
410;0.0029735604766756296;0.0029735604766756296;0.009893969632685184;0.009893969632685184
411;0.003026698250323534;0.003026698250323534;0.009746099822223186;0.009746099822223186
412;0.003378172405064106;0.003378172405064106;0.009970217943191528;0.009970217943191528
413;0.003241774393245578;0.003241774393245578;0.010867208242416382;0.010867208242416382
414;0.0031485948711633682;0.0031485948711633682;0.009776139631867409;0.009776139631867409
415;0.0030341013334691525;0.0030341013334691525;0.010301419533789158;0.010301419533789158
416;0.002977977506816387;0.002977977506816387;0.010261029936373234;0.010261029936373234
417;0.003277093404904008;0.003277093404904008;0.010042683221399784;0.010042683221399784
418;0.00434535276144743;0.00434535276144743;0.013516540639102459;0.013516540639102459
419;0.005592675413936377;0.005592675413936377;0.010224983096122742;0.010224983096122742
420;0.004254744853824377;0.004254744853824377;0.01095237024128437;0.01095237024128437
421;0.00382591993547976;0.00382591993547976;0.009812845848500729;0.009812845848500729
422;0.004322136752307415;0.004322136752307415;0.009202254004776478;0.009202254004776478
423;0.003493567928671837;0.003493567928671837;0.010048668831586838;0.010048668831586838
424;0.003430564422160387;0.003430564422160387;0.010975097306072712;0.010975097306072712
425;0.0033975462429225445;0.0033975462429225445;0.010217352770268917;0.010217352770268917
426;0.0033813398331403732;0.0033813398331403732;0.009511623531579971;0.009511623531579971
427;0.0038129629101604223;0.0038129629101604223;0.010816388763487339;0.010816388763487339
428;0.0035061677917838097;0.0035061677917838097;0.010103057138621807;0.010103057138621807
429;0.003342238487675786;0.003342238487675786;0.009900667704641819;0.009900667704641819
430;0.003332465188577771;0.003332465188577771;0.010924508795142174;0.010924508795142174
431;0.0032860750798135996;0.0032860750798135996;0.010032362304627895;0.010032362304627895
432;0.003064668271690607;0.003064668271690607;0.010319523513317108;0.010319523513317108
433;0.002961794612929225;0.002961794612929225;0.010160625912249088;0.010160625912249088
434;0.003236148739233613;0.003236148739233613;0.010205214843153954;0.010205214843153954
435;0.003461219137534499;0.003461219137534499;0.009482108987867832;0.009482108987867832
436;0.0033834672067314386;0.0033834672067314386;0.010115860030055046;0.010115860030055046
437;0.0031207650899887085;0.0031207650899887085;0.00977722555398941;0.00977722555398941
438;0.002883261302486062;0.002883261302486062;0.010322123765945435;0.010322123765945435
439;0.0029479442164301872;0.0029479442164301872;0.00985493790358305;0.00985493790358305
440;0.0028805830515921116;0.0028805830515921116;0.00806761160492897;0.00806761160492897
441;0.0028115364257246256;0.0028115364257246256;0.009332424961030483;0.009332424961030483
442;0.0029846730176359415;0.0029846730176359415;0.008367237634956837;0.008367237634956837
443;0.0029831170104444027;0.0029831170104444027;0.009675199165940285;0.009675199165940285
444;0.003792534349486232;0.003792534349486232;0.00887482613325119;0.00887482613325119
445;0.004278403241187334;0.004278403241187334;0.008762534707784653;0.008762534707784653
446;0.0035808724351227283;0.0035808724351227283;0.008508507162332535;0.008508507162332535
447;0.0032595947850495577;0.0032595947850495577;0.010002302005887032;0.010002302005887032
448;0.0030761840753257275;0.0030761840753257275;0.009068060666322708;0.009068060666322708
449;0.0028945463709533215;0.0028945463709533215;0.008200716227293015;0.008200716227293015
450;0.002913970733061433;0.002913970733061433;0.008061463013291359;0.008061463013291359
451;0.0027936280239373446;0.0027936280239373446;0.008318068459630013;0.008318068459630013
452;0.00269029731862247;0.00269029731862247;0.00874366331845522;0.00874366331845522
453;0.002829211764037609;0.002829211764037609;0.009144834242761135;0.009144834242761135
454;0.0031527315732091665;0.0031527315732091665;0.011195380240678787;0.011195380240678787
455;0.004028817638754845;0.004028817638754845;0.009169797413051128;0.009169797413051128
456;0.005784820299595594;0.005784820299595594;0.013142096810042858;0.013142096810042858
457;0.004681615624576807;0.004681615624576807;0.010120593942701817;0.010120593942701817
458;0.003962054383009672;0.003962054383009672;0.010990551672875881;0.010990551672875881
459;0.003930853214114904;0.003930853214114904;0.009440326131880283;0.009440326131880283
460;0.0034117356408387423;0.0034117356408387423;0.011595886200666428;0.011595886200666428
461;0.003226621774956584;0.003226621774956584;0.010333782061934471;0.010333782061934471
462;0.003443115623667836;0.003443115623667836;0.011128218844532967;0.011128218844532967
463;0.003136139363050461;0.003136139363050461;0.009545772336423397;0.009545772336423397
464;0.003035991918295622;0.003035991918295622;0.010862289927899837;0.010862289927899837
465;0.0033984521869570017;0.0033984521869570017;0.009980233386158943;0.009980233386158943
466;0.0029416531324386597;0.0029416531324386597;0.009350835345685482;0.009350835345685482
467;0.0030417514499276876;0.0030417514499276876;0.009321462363004684;0.009321462363004684
468;0.002865983173251152;0.002865983173251152;0.008513701148331165;0.008513701148331165
469;0.0027643167413771152;0.0027643167413771152;0.008861158974468708;0.008861158974468708
470;0.003392874961718917;0.003392874961718917;0.008514952845871449;0.008514952845871449
471;0.003214309923350811;0.003214309923350811;0.008230829611420631;0.008230829611420631
472;0.0028284103609621525;0.0028284103609621525;0.00876704603433609;0.00876704603433609
473;0.0027958876453340054;0.0027958876453340054;0.008616085164248943;0.008616085164248943
474;0.002775376895442605;0.002775376895442605;0.008804301731288433;0.008804301731288433
475;0.0028952204156666994;0.0028952204156666994;0.008166464976966381;0.008166464976966381
476;0.0026714953128248453;0.0026714953128248453;0.008834779262542725;0.008834779262542725
477;0.0027500891592353582;0.0027500891592353582;0.008967848494648933;0.008967848494648933
478;0.002928212285041809;0.002928212285041809;0.008136712945997715;0.008136712945997715
479;0.0027025758754462004;0.0027025758754462004;0.008800895884633064;0.008800895884633064
480;0.0028570792637765408;0.0028570792637765408;0.008131568320095539;0.008131568320095539
481;0.00260670343413949;0.00260670343413949;0.009191911667585373;0.009191911667585373
482;0.0027084683533757925;0.0027084683533757925;0.008518407121300697;0.008518407121300697
483;0.0035875493194907904;0.0035875493194907904;0.010286054573953152;0.010286054573953152
484;0.003354585962370038;0.003354585962370038;0.009955143555998802;0.009955143555998802
485;0.0028691464103758335;0.0028691464103758335;0.009291071444749832;0.009291071444749832
486;0.0027280980721116066;0.0027280980721116066;0.00927517469972372;0.00927517469972372
487;0.0026422995142638683;0.0026422995142638683;0.009450560435652733;0.009450560435652733
488;0.002685485640540719;0.002685485640540719;0.008618823252618313;0.008618823252618313
489;0.0026331604458391666;0.0026331604458391666;0.009967990219593048;0.009967990219593048
490;0.0038505112752318382;0.0038505112752318382;0.007846854627132416;0.007846854627132416
491;0.0031458167359232903;0.0031458167359232903;0.008166193030774593;0.008166193030774593
492;0.0027311614248901606;0.0027311614248901606;0.011045411229133606;0.011045411229133606
493;0.002863063244149089;0.002863063244149089;0.007934552617371082;0.007934552617371082
494;0.0026744366623461246;0.0026744366623461246;0.008639124222099781;0.008639124222099781
495;0.002641908125951886;0.002641908125951886;0.009028907865285873;0.009028907865285873
496;0.002494754735380411;0.002494754735380411;0.008734437637031078;0.008734437637031078
497;0.0027426909655332565;0.0027426909655332565;0.008925307542085648;0.008925307542085648
498;0.0025468277744948864;0.0025468277744948864;0.008858059532940388;0.008858059532940388
499;0.002461130265146494;0.002461130265146494;0.008545720018446445;0.008545720018446445
500;0.002494522836059332;0.002494522836059332;0.009966162033379078;0.009966162033379078
501;0.0030049271881580353;0.0030049271881580353;0.00935326237231493;0.00935326237231493
502;0.0026764601934701204;0.0026764601934701204;0.008808336220681667;0.008808336220681667
503;0.0023893313482403755;0.0023893313482403755;0.009135072119534016;0.009135072119534016
504;0.002510220278054476;0.002510220278054476;0.0087113743647933;0.0087113743647933
505;0.002389600034803152;0.002389600034803152;0.008971686474978924;0.008971686474978924
506;0.002275678562000394;0.002275678562000394;0.008576977998018265;0.008576977998018265
507;0.0026651816442608833;0.0026651816442608833;0.009212245233356953;0.009212245233356953
508;0.002681527752429247;0.002681527752429247;0.009634011425077915;0.009634011425077915
509;0.002496486995369196;0.002496486995369196;0.008972465060651302;0.008972465060651302
510;0.002368596848100424;0.002368596848100424;0.00935275387018919;0.00935275387018919
511;0.002636571414768696;0.002636571414768696;0.009557218290865421;0.009557218290865421
512;0.00234857271425426;0.00234857271425426;0.009175472892820835;0.009175472892820835
513;0.0026986084412783384;0.0026986084412783384;0.009082835167646408;0.009082835167646408
514;0.0029433027375489473;0.0029433027375489473;0.010086479596793652;0.010086479596793652
515;0.0025463213678449392;0.0025463213678449392;0.008409674279391766;0.008409674279391766
516;0.0024570180103182793;0.0024570180103182793;0.009373476728796959;0.009373476728796959
517;0.0029097863007336855;0.0029097863007336855;0.009679376147687435;0.009679376147687435
518;0.00319603830575943;0.00319603830575943;0.011955833062529564;0.011955833062529564
519;0.0027828840538859367;0.0027828840538859367;0.010524862445890903;0.010524862445890903
520;0.0027142108883708715;0.0027142108883708715;0.010870788246393204;0.010870788246393204
521;0.002541326219215989;0.002541326219215989;0.00945820938795805;0.00945820938795805
522;0.0025673252530395985;0.0025673252530395985;0.00838987622410059;0.00838987622410059
523;0.002330654999241233;0.002330654999241233;0.008683023042976856;0.008683023042976856
524;0.0023069875314831734;0.0023069875314831734;0.010355659760534763;0.010355659760534763
525;0.002361272694543004;0.002361272694543004;0.010134873911738396;0.010134873911738396
526;0.002188935410231352;0.002188935410231352;0.009830948896706104;0.009830948896706104
527;0.002167640021070838;0.002167640021070838;0.009918108582496643;0.009918108582496643
528;0.0021370083559304476;0.0021370083559304476;0.009900053031742573;0.009900053031742573
529;0.0021775392815470695;0.0021775392815470695;0.010449080727994442;0.010449080727994442
530;0.0024116288404911757;0.0024116288404911757;0.01193268597126007;0.01193268597126007
531;0.002462180331349373;0.002462180331349373;0.010658164508640766;0.010658164508640766
532;0.0023384736850857735;0.0023384736850857735;0.010068445466458797;0.010068445466458797
533;0.002480993280187249;0.002480993280187249;0.010350966826081276;0.010350966826081276
534;0.002694876631721854;0.002694876631721854;0.008546571247279644;0.008546571247279644
535;0.002280961023643613;0.002280961023643613;0.00960190687328577;0.00960190687328577
536;0.0021449527703225613;0.0021449527703225613;0.00956579390913248;0.00956579390913248
537;0.0023002633824944496;0.0023002633824944496;0.009197789244353771;0.009197789244353771
538;0.002393055707216263;0.002393055707216263;0.010245510376989841;0.010245510376989841
539;0.002519692527130246;0.002519692527130246;0.008049684576690197;0.008049684576690197
540;0.002561036730185151;0.002561036730185151;0.009878881275653839;0.009878881275653839
541;0.002480042865499854;0.002480042865499854;0.009980875998735428;0.009980875998735428
542;0.0026147929020226;0.0026147929020226;0.01053631491959095;0.01053631491959095
543;0.0028494654688984156;0.0028494654688984156;0.011223016306757927;0.011223016306757927
544;0.0027378429658710957;0.0027378429658710957;0.011179104447364807;0.011179104447364807
545;0.002369006397202611;0.002369006397202611;0.008812696672976017;0.008812696672976017
546;0.0022663313429802656;0.0022663313429802656;0.010668112896382809;0.010668112896382809
547;0.0022304293233901262;0.0022304293233901262;0.010824299417436123;0.010824299417436123
548;0.00219986611045897;0.00219986611045897;0.010177926160395145;0.010177926160395145
549;0.0021633158903568983;0.0021633158903568983;0.00917760655283928;0.00917760655283928
550;0.0021470030769705772;0.0021470030769705772;0.010945231653749943;0.010945231653749943
551;0.0025436249561607838;0.0025436249561607838;0.010568193159997463;0.010568193159997463
552;0.002220390597358346;0.002220390597358346;0.010223807767033577;0.010223807767033577
553;0.003184995613992214;0.003184995613992214;0.010177546180784702;0.010177546180784702
554;0.002748443279415369;0.002748443279415369;0.008363243192434311;0.008363243192434311
555;0.0028450586833059788;0.0028450586833059788;0.008925680071115494;0.008925680071115494
556;0.002740550087764859;0.002740550087764859;0.009632838889956474;0.009632838889956474
557;0.002842298010364175;0.002842298010364175;0.009690512903034687;0.009690512903034687
558;0.0030315101612359285;0.0030315101612359285;0.00986816268414259;0.00986816268414259
559;0.004460969008505344;0.004460969008505344;0.0092801284044981;0.0092801284044981
560;0.003265407169237733;0.003265407169237733;0.011177231557667255;0.011177231557667255
561;0.003465685760602355;0.003465685760602355;0.010267571546137333;0.010267571546137333
562;0.00284240092150867;0.00284240092150867;0.010057423263788223;0.010057423263788223
563;0.003056951332837343;0.003056951332837343;0.010421723127365112;0.010421723127365112
564;0.003007839433848858;0.003007839433848858;0.008962508291006088;0.008962508291006088
565;0.002714423928409815;0.002714423928409815;0.010107999667525291;0.010107999667525291
566;0.002318037673830986;0.002318037673830986;0.009821616113185883;0.009821616113185883
567;0.002671638736501336;0.002671638736501336;0.010416205041110516;0.010416205041110516
568;0.002234093379229307;0.002234093379229307;0.010161631740629673;0.010161631740629673
569;0.002156459493562579;0.002156459493562579;0.010169177316129208;0.010169177316129208
570;0.002255694242194295;0.002255694242194295;0.010492767207324505;0.010492767207324505
571;0.0021712442394346;0.0021712442394346;0.010877099819481373;0.010877099819481373
572;0.0020828559063374996;0.0020828559063374996;0.009110606275498867;0.009110606275498867
573;0.00207146885804832;0.00207146885804832;0.009939379058778286;0.009939379058778286
574;0.0028577009215950966;0.0028577009215950966;0.01062680222094059;0.01062680222094059
575;0.0032755776774138212;0.0032755776774138212;0.009969920851290226;0.009969920851290226
576;0.0030964165925979614;0.0030964165925979614;0.008849182166159153;0.008849182166159153
577;0.002468132646754384;0.002468132646754384;0.009876975789666176;0.009876975789666176
578;0.002218662528321147;0.002218662528321147;0.011116874404251575;0.011116874404251575
579;0.002190335188060999;0.002190335188060999;0.01090726163238287;0.01090726163238287
580;0.0021848182659596205;0.0021848182659596205;0.010715668089687824;0.010715668089687824
581;0.00209299148991704;0.00209299148991704;0.00954928807914257;0.00954928807914257
582;0.002076277043670416;0.002076277043670416;0.011413643136620522;0.011413643136620522
583;0.002202326897531748;0.002202326897531748;0.010603581555187702;0.010603581555187702
584;0.0022082410287111998;0.0022082410287111998;0.011222783476114273;0.011222783476114273
585;0.002052626106888056;0.002052626106888056;0.01051338855177164;0.01051338855177164
586;0.002018294297158718;0.002018294297158718;0.012240862473845482;0.012240862473845482
587;0.001909565064124763;0.001909565064124763;0.011244264431297779;0.011244264431297779
588;0.0019527880940586329;0.0019527880940586329;0.011008378118276596;0.011008378118276596
589;0.001852991059422493;0.001852991059422493;0.01208670437335968;0.01208670437335968
590;0.001999367494136095;0.001999367494136095;0.011772390455007553;0.011772390455007553
591;0.0020931141916662455;0.0020931141916662455;0.0107508460059762;0.0107508460059762
592;0.002013725694268942;0.002013725694268942;0.012365506030619144;0.012365506030619144
593;0.0020593437366187572;0.0020593437366187572;0.012123042717576027;0.012123042717576027
594;0.00205995817668736;0.00205995817668736;0.01296764425933361;0.01296764425933361
595;0.0020162470173090696;0.0020162470173090696;0.011921408586204052;0.011921408586204052
596;0.001897588954307139;0.001897588954307139;0.01064784824848175;0.01064784824848175
597;0.0019280975684523582;0.0019280975684523582;0.011731474660336971;0.011731474660336971
598;0.0020057226065546274;0.0020057226065546274;0.012803563848137856;0.012803563848137856
599;0.0027355195488780737;0.0027355195488780737;0.011076267808675766;0.011076267808675766
600;0.0024243821389973164;0.0024243821389973164;0.01068686693906784;0.01068686693906784
601;0.0020953109487891197;0.0020953109487891197;0.011024822480976582;0.011024822480976582
602;0.002041124738752842;0.002041124738752842;0.011583404615521431;0.011583404615521431
603;0.002644369611516595;0.002644369611516595;0.01012987270951271;0.01012987270951271
604;0.002228555968031287;0.002228555968031287;0.010862700641155243;0.010862700641155243
605;0.002198578091338277;0.002198578091338277;0.011429939419031143;0.011429939419031143
606;0.002319247694686055;0.002319247694686055;0.010249696671962738;0.010249696671962738
607;0.005467295181006193;0.005467295181006193;0.016721686348319054;0.016721686348319054
608;0.006164358463138342;0.006164358463138342;0.015698112547397614;0.015698112547397614
609;0.00641306908801198;0.00641306908801198;0.012909777462482452;0.012909777462482452
610;0.005539347417652607;0.005539347417652607;0.012724758125841618;0.012724758125841618
611;0.010597306303679943;0.010597306303679943;0.015675392001867294;0.015675392001867294
612;0.00596480630338192;0.00596480630338192;0.012980292551219463;0.012980292551219463
613;0.0057669952511787415;0.0057669952511787415;0.00954049825668335;0.00954049825668335
614;0.004666029009968042;0.004666029009968042;0.011101603507995605;0.011101603507995605
615;0.004800998140126467;0.004800998140126467;0.010129901580512524;0.010129901580512524
616;0.0036930949427187443;0.0036930949427187443;0.008358260616660118;0.008358260616660118
617;0.0030156855937093496;0.0030156855937093496;0.008865252137184143;0.008865252137184143
618;0.0029262970201671124;0.0029262970201671124;0.009257721714675426;0.009257721714675426
619;0.0028039098251610994;0.0028039098251610994;0.0092037133872509;0.0092037133872509
620;0.002597065409645438;0.002597065409645438;0.009922408498823643;0.009922408498823643
621;0.0026684554759413004;0.0026684554759413004;0.009456315077841282;0.009456315077841282
622;0.002783013042062521;0.002783013042062521;0.010958412662148476;0.010958412662148476
623;0.002884059678763151;0.0028840594459325075;0.011626170016825199;0.011626170016825199
624;0.003084534779191017;0.003084534779191017;0.010270697064697742;0.010270697064697742
625;0.0024687794502824545;0.0024687794502824545;0.009294332936406136;0.009294332936406136
626;0.0025217654183506966;0.0025217654183506966;0.008299478329718113;0.008299478329718113
627;0.0026189289055764675;0.0026189289055764675;0.009546229615807533;0.009546229615807533
628;0.002961130579933524;0.002961130579933524;0.009839190170168877;0.009839190170168877
629;0.003139306092634797;0.003139306092634797;0.009791937656700611;0.009791937656700611
630;0.0025513696018606424;0.0025513696018606424;0.010417363606393337;0.010417363606393337
631;0.0023820416536182165;0.0023820416536182165;0.008757107891142368;0.008757107891142368
632;0.0022900355979800224;0.0022900355979800224;0.009757266379892826;0.009757266379892826
633;0.0020622177980840206;0.0020622177980840206;0.009318028576672077;0.009318028576672077
634;0.00213895202614367;0.00213895202614367;0.008196490816771984;0.008196490816771984
635;0.0022757521364837885;0.0022757521364837885;0.008687136694788933;0.008687136694788933
636;0.002186243189498782;0.002186243189498782;0.00893563311547041;0.00893563311547041
637;0.0020583930891007185;0.0020583930891007185;0.010207871906459332;0.010207871906459332
638;0.002109318505972624;0.002109318505972624;0.009158064611256123;0.009158064611256123
639;0.001883486402221024;0.001883486402221024;0.008509247563779354;0.008509247563779354
640;0.0019301822176203132;0.0019301822176203132;0.009901403449475765;0.009901403449475765
641;0.0018772671464830637;0.0018772671464830637;0.009110689163208008;0.009110689163208008
642;0.002053028903901577;0.002053028903901577;0.009577515535056591;0.009577515535056591
643;0.0023378801997750998;0.0023378801997750998;0.008431834168732166;0.008431834168732166
644;0.0021421005949378014;0.0021421005949378014;0.009218930266797543;0.009218930266797543
645;0.0021202086936682463;0.0021202086936682463;0.008432182483375072;0.008432182483375072
646;0.0019854106940329075;0.0019854106940329075;0.009328861720860004;0.009328861720860004
647;0.002030039206147194;0.002030039206147194;0.009367557242512703;0.009367557242512703
648;0.002085164887830615;0.002085164887830615;0.009573157876729965;0.009573157876729965
649;0.0020581274293363094;0.0020581274293363094;0.010339654050767422;0.010339654050767422
650;0.002295006765052676;0.002295006765052676;0.009529760107398033;0.009529760107398033
651;0.002545285038650036;0.002545285038650036;0.008485577069222927;0.008485577069222927
652;0.0024747345596551895;0.0024747345596551895;0.009923304431140423;0.009923304431140423
653;0.0025400512386113405;0.0025400512386113405;0.011007629334926605;0.011007629334926605
654;0.002270349534228444;0.002270349534228444;0.007265829015523195;0.007265829015523195
655;0.002174211200326681;0.002174211200326681;0.008709387853741646;0.008709387853741646
656;0.0021680977661162615;0.0021680977661162615;0.009294657036662102;0.009294657036662102
657;0.0019361198646947742;0.0019361198646947742;0.009519118815660477;0.009519118815660477
658;0.0018618508474901319;0.0018618508474901319;0.010070188902318478;0.010070188902318478
659;0.002119105076417327;0.002119105076417327;0.008380431681871414;0.008380431681871414
660;0.0019661954138427973;0.0019661954138427973;0.008149723522365093;0.008149723522365093
661;0.0020438642241060734;0.0020438642241060734;0.009081274271011353;0.009081274271011353
662;0.0019080810016021132;0.0019080810016021132;0.010227203369140625;0.010227203369140625
663;0.0019046590896323323;0.0019046590896323323;0.009179402142763138;0.009179402142763138
664;0.0018736239289864898;0.0018736239289864898;0.010942491702735424;0.010942491702735424
665;0.0018629649421200156;0.0018629649421200156;0.00925054494291544;0.00925054494291544
666;0.0017765846569091082;0.0017765846569091082;0.00850914791226387;0.00850914791226387
667;0.0019283292349427938;0.0019283292349427938;0.009090137667953968;0.009090137667953968
668;0.0018541766330599785;0.0018541766330599785;0.009764592163264751;0.009764592163264751
669;0.0018772815819829702;0.0018772815819829702;0.008278414607048035;0.008278414607048035
670;0.0019067659741267562;0.0019067659741267562;0.00969693623483181;0.00969693623483181
671;0.001938434666953981;0.001938434666953981;0.009495250880718231;0.009495250880718231
672;0.0018735206685960293;0.0018735206685960293;0.009318326599895954;0.009318326599895954
673;0.0018430384807288647;0.0018430384807288647;0.00919923186302185;0.00919923186302185
674;0.0017220370937138796;0.0017220370937138796;0.009733620099723339;0.009733620099723339
675;0.002167695201933384;0.002167695201933384;0.009901132434606552;0.009901132434606552
676;0.0018918139394372702;0.0018918139394372702;0.009088733233511448;0.009088733233511448
677;0.0018522700993344188;0.0018522700993344188;0.008810284547507763;0.008810284547507763
678;0.0021139897871762514;0.0021139897871762514;0.00867726281285286;0.00867726281285286
679;0.002249999437481165;0.002249999437481165;0.008884342387318611;0.008884342387318611
680;0.0019472488202154636;0.0019472488202154636;0.009193734265863895;0.009193734265863895
681;0.001750777824781835;0.001750777824781835;0.010484526865184307;0.010484526865184307
682;0.0019344378961250186;0.0019344378961250186;0.009499235078692436;0.009499235078692436
683;0.0017227865755558014;0.0017227865755558014;0.010128946043550968;0.010128946043550968
684;0.0017740982584655285;0.0017740982584655285;0.008893164806067944;0.008893164806067944
685;0.001675747917033732;0.001675747917033732;0.009045597165822983;0.009045597165822983
686;0.0015722244279459119;0.0015722244279459119;0.008504647761583328;0.008504647761583328
687;0.0017165126046165824;0.0017165126046165824;0.010255852714180946;0.010255852714180946
688;0.0017363355727866292;0.0017363355727866292;0.008906225673854351;0.008906225673854351
689;0.0016716860700398684;0.0016716860700398684;0.00952876266092062;0.00952876266092062
690;0.0016116672195494175;0.0016116672195494175;0.010229039937257767;0.010229039937257767
691;0.0017136428505182266;0.0017136428505182266;0.008993507362902164;0.008993507362902164
692;0.001705516828224063;0.001705516828224063;0.009477009065449238;0.009477009065449238
693;0.001812931033782661;0.001812931033782661;0.009750016033649445;0.009750016033649445
694;0.001772260176949203;0.001772260176949203;0.009999822825193405;0.009999822825193405
695;0.0016273471992462873;0.0016273471992462873;0.008435649797320366;0.008435649797320366
696;0.0016467551467940211;0.0016467551467940211;0.0093434052541852;0.0093434052541852
697;0.0017005330882966518;0.0017005330882966518;0.009230959229171276;0.009230959229171276
698;0.0016617262735962868;0.0016617262735962868;0.008820243179798126;0.008820243179798126
699;0.0016282282304018736;0.0016282282304018736;0.010109413415193558;0.010109413415193558
700;0.0017127485480159521;0.0017127485480159521;0.010363893583416939;0.010363893583416939
701;0.001950258039869368;0.001950258039869368;0.009646590799093246;0.009646590799093246
702;0.0018108581425622106;0.0018108581425622106;0.00875719916075468;0.00875719916075468
703;0.0017598593840375543;0.0017598593840375543;0.008752396330237389;0.008752396330237389
704;0.0018015897367149591;0.0018015897367149591;0.009227998554706573;0.009227998554706573
705;0.0017271318938583136;0.0017271318938583136;0.0094913924112916;0.0094913924112916
706;0.001724177855066955;0.001724177855066955;0.00917639397084713;0.00917639397084713
707;0.0016155403573065996;0.0016155403573065996;0.0103152422234416;0.0103152422234416
708;0.001736310077831149;0.001736310077831149;0.010247177444398403;0.010247177444398403
709;0.0017363448860123754;0.0017363448860123754;0.009668316692113876;0.009668316692113876
710;0.0017827096162363887;0.0017827096162363887;0.009776333346962929;0.009776333346962929
711;0.0017971864435821772;0.0017971864435821772;0.010228713043034077;0.010228713043034077
712;0.001689345226623118;0.001689345226623118;0.008651952259242535;0.008651952259242535
713;0.0019245794974267483;0.0019245794974267483;0.011421972885727882;0.011421972885727882
714;0.0019162369426339865;0.0019162369426339865;0.009472901001572609;0.009472901001572609
715;0.0019989795982837677;0.0019989795982837677;0.009139208123087883;0.009139208123087883
716;0.0019317640690132976;0.0019317640690132976;0.009147250093519688;0.009147250093519688
717;0.002509447280317545;0.002509447280317545;0.012181424535810947;0.012181424535810947
718;0.002498799469321966;0.002498799469321966;0.011531851254403591;0.011531851254403591
719;0.0025632951874285936;0.0025632951874285936;0.009605160914361477;0.009605160914361477
720;0.0021358991507440805;0.0021358991507440805;0.008420008234679699;0.008420008234679699
721;0.0018520967569202185;0.0018520967569202185;0.00840041320770979;0.00840041320770979
722;0.001928144134581089;0.001928144134581089;0.00841208640486002;0.00841208640486002
723;0.0018265872495248914;0.0018265872495248914;0.008337624371051788;0.008337624371051788
724;0.0016914312727749348;0.0016914312727749348;0.00964038074016571;0.00964038074016571
725;0.0017610933864489198;0.0017610933864489198;0.00896680448204279;0.00896680448204279
726;0.001770819304510951;0.001770819304510951;0.009487871080636978;0.009487871080636978
727;0.0016300516435876489;0.0016300516435876489;0.009520904161036015;0.009520904161036015
728;0.0016334566753357649;0.0016334566753357649;0.009321820922195911;0.009321820922195911
729;0.0019292023498564959;0.0019292023498564959;0.007825191132724285;0.007825191132724285
730;0.001657361863180995;0.001657361863180995;0.008884367533028126;0.008884367533028126
731;0.001690851990133524;0.001690851990133524;0.009003255516290665;0.009003255516290665
732;0.0016335996333509684;0.0016335996333509684;0.008200818672776222;0.008200818672776222
733;0.0017791914287954569;0.0017791914287954569;0.008608183823525906;0.008608183823525906
734;0.0017913436749950051;0.0017913436749950051;0.009820094332098961;0.009820094332098961
735;0.0018300089286640286;0.0018300089286640286;0.010026395320892334;0.010026395320892334
736;0.0018269914435222745;0.0018269914435222745;0.008642568252980709;0.008642568252980709
737;0.0016798860160633922;0.0016798860160633922;0.010494749061763287;0.010494749061763287
738;0.0016588680446147919;0.0016588680446147919;0.008583690039813519;0.008583690039813519
739;0.0015986646758392453;0.0015986646758392453;0.00907706469297409;0.00907706469297409
740;0.0014934963546693325;0.0014934963546693325;0.00951108057051897;0.00951108057051897
741;0.0014392051380127668;0.0014392051380127668;0.008914047852158546;0.008914047852158546
742;0.0015925135230645537;0.0015925135230645537;0.00868989061564207;0.00868989061564207
743;0.0016819414449855685;0.0016819414449855685;0.010432744398713112;0.010432744398713112
744;0.0019207783043384552;0.0019207783043384552;0.00930093228816986;0.00930093228816986
745;0.0018936122069135308;0.0018936122069135308;0.010058262385427952;0.010058262385427952
746;0.0016599909868091345;0.0016599909868091345;0.008825838565826416;0.008825838565826416
747;0.0018865243764594197;0.0018865243764594197;0.008589643985033035;0.008589643985033035
748;0.0016736217075958848;0.0016736217075958848;0.009362929500639439;0.009362929500639439
749;0.001587783801369369;0.001587783801369369;0.008979560807347298;0.008979560807347298
750;0.0018781141843646765;0.0018781141843646765;0.010397416539490223;0.010397416539490223
751;0.0018507237546145916;0.0018507237546145916;0.00799050647765398;0.00799050647765398
752;0.0016337573761120439;0.0016337573761120439;0.010560092516243458;0.010560092516243458
753;0.0016471914714202285;0.0016471914714202285;0.010289947502315044;0.010289947502315044
754;0.00180086272303015;0.00180086272303015;0.008251229301095009;0.008251229301095009
755;0.0015990851679816842;0.0015990851679816842;0.009386051446199417;0.009386051446199417
756;0.0015437743859365582;0.0015437743859365582;0.009529356844723225;0.009529356844723225
757;0.0017436034977436066;0.0017436034977436066;0.009578130207955837;0.009578130207955837
758;0.0018548686057329178;0.0018548686057329178;0.011028813198208809;0.011028813198208809
759;0.0019168725702911615;0.0019168725702911615;0.009671994484961033;0.009671994484961033
760;0.001735080499202013;0.001735080499202013;0.009626934304833412;0.009626934304833412
761;0.001967174233868718;0.001967174233868718;0.008857388980686665;0.008857388980686665
762;0.0016891233390197158;0.0016891233390197158;0.010213376022875309;0.010213376022875309
763;0.00158329913392663;0.00158329913392663;0.008402764797210693;0.008402764797210693
764;0.00162912264931947;0.00162912264931947;0.008927583694458008;0.008927583694458008
765;0.0015846348833292723;0.0015846348833292723;0.010172047652304173;0.010172047652304173
766;0.0016165078850463033;0.0016165078850463033;0.009252507239580154;0.009252507239580154
767;0.0014726819936186075;0.0014726819936186075;0.009620606899261475;0.009620606899261475
768;0.001509306370280683;0.001509306370280683;0.009654215537011623;0.009654215537011623
769;0.0014810585416853428;0.0014810585416853428;0.009037026204168797;0.009037026204168797
770;0.0016303769079968333;0.0016303769079968333;0.008983440697193146;0.008983440697193146
771;0.002011134522035718;0.002011134522035718;0.009165017865598202;0.009165017865598202
772;0.0016319657443091273;0.0016319657443091273;0.009746997617185116;0.009746997617185116
773;0.0016825452912598848;0.0016825452912598848;0.010331949219107628;0.010331949219107628
774;0.0016688728937879205;0.0016688728937879205;0.009603160433471203;0.009603160433471203
775;0.0016256116796284914;0.0016256116796284914;0.009175899438560009;0.009175899438560009
776;0.0016449696850031614;0.0016449696850031614;0.009148887358605862;0.009148887358605862
777;0.0014707279624417424;0.0014707279624417424;0.010091850534081459;0.010091850534081459
778;0.0015567643567919731;0.0015567643567919731;0.009855184704065323;0.009855184704065323
779;0.0016873053973540664;0.0016873053973540664;0.00902464147657156;0.00902464147657156
780;0.0014967768220230937;0.0014967768220230937;0.009461426176130772;0.009461426176130772
781;0.0014464607229456306;0.0014464607229456306;0.009047611616551876;0.009047611616551876
782;0.0015686077531427145;0.0015686077531427145;0.0100014116615057;0.0100014116615057
783;0.0016450824914500117;0.0016450824914500117;0.009648281149566174;0.009648281149566174
784;0.0016600723611190915;0.0016600723611190915;0.009759604930877686;0.009759604930877686
785;0.0015487602213397622;0.0015487602213397622;0.008746638894081116;0.008746638894081116
786;0.0016045371303334832;0.0016045371303334832;0.0085534593090415;0.0085534593090415
787;0.001537838252261281;0.001537838252261281;0.008770942687988281;0.008770942687988281
788;0.0015729794977232814;0.0015729794977232814;0.009501532651484013;0.009501532651484013
789;0.0025842851027846336;0.0025842851027846336;0.008832949213683605;0.008832949213683605
790;0.0018898585112765431;0.0018898585112765431;0.009010535664856434;0.009010535664856434
791;0.0016278993571177125;0.0016278993571177125;0.010175184346735477;0.010175184346735477
792;0.0019244487630203366;0.0019244487630203366;0.008603911846876144;0.008603911846876144
793;0.0029024414252489805;0.0029024414252489805;0.011434095911681652;0.011434095911681652
794;0.00295186135917902;0.00295186135917902;0.010980905964970589;0.010980905964970589
795;0.0023644270841032267;0.0023644270841032267;0.010069326497614384;0.010069326497614384
796;0.0022517978213727474;0.0022517978213727474;0.010225333273410797;0.010225333273410797
797;0.0031878508161753416;0.0031878508161753416;0.009829182177782059;0.009829182177782059
798;0.002522599184885621;0.002522599184885621;0.00995954405516386;0.00995954405516386
799;0.0024074057582765818;0.0024074057582765818;0.009742899797856808;0.009742899797856808
800;0.00218650558963418;0.00218650558963418;0.009109202772378922;0.009109202772378922
801;0.0017143719596788287;0.0017143719596788287;0.008390082977712154;0.008390082977712154
802;0.0017259689047932625;0.0017259689047932625;0.008738843724131584;0.008738843724131584
803;0.001690070261247456;0.001690070261247456;0.00840210635215044;0.00840210635215044
804;0.0016061962815001607;0.0016061962815001607;0.009158593602478504;0.009158593602478504
805;0.0018554184352979064;0.0018554184352979064;0.008688628673553467;0.008688628673553467
806;0.0029688517097383738;0.0029688517097383738;0.01479429379105568;0.01479429379105568
807;0.0035516712814569473;0.0035516712814569473;0.009828532114624977;0.009828532114624977
808;0.0023045579437166452;0.0023045579437166452;0.008695977739989758;0.008695977739989758
809;0.0026011818554252386;0.0026011818554252386;0.009608311578631401;0.009608311578631401
810;0.0022063490469008684;0.0022063490469008684;0.009474101476371288;0.009474101476371288
811;0.002178235212340951;0.002178235212340951;0.009364324621856213;0.009364324621856213
812;0.0016748204361647367;0.0016748204361647367;0.008889347314834595;0.008889347314834595
813;0.0015632356517016888;0.0015632356517016888;0.008578401990234852;0.008578401990234852
814;0.0015972413821145892;0.0015972413821145892;0.009382235817611217;0.009382235817611217
815;0.001647307421080768;0.001647307421080768;0.008325722999870777;0.008325722999870777
816;0.0014584962045773864;0.0014584962045773864;0.009606987237930298;0.009606987237930298
817;0.0015297422651201487;0.0015297422651201487;0.008920631371438503;0.008920631371438503
818;0.0014818647177889943;0.0014818647177889943;0.00828627124428749;0.00828627124428749
819;0.0014937907690182328;0.0014937907690182328;0.008947577327489853;0.008947577327489853
820;0.0014230861561372876;0.0014230861561372876;0.008686142973601818;0.008686142973601818
821;0.0014479978708550334;0.0014479978708550334;0.009331694804131985;0.009331694804131985
822;0.001604351680725813;0.001604351680725813;0.008307788521051407;0.008307788521051407
823;0.0015846561873331666;0.0015846561873331666;0.008763546124100685;0.008763546124100685
824;0.0014155397657305002;0.0014155397657305002;0.00905519723892212;0.00905519723892212
825;0.0014133056392893195;0.0014133056392893195;0.00968379806727171;0.00968379806727171
826;0.0014932960039004683;0.0014932960039004683;0.009593622758984566;0.009593622758984566
827;0.0014638593420386314;0.0014638593420386314;0.009777682833373547;0.009777682833373547
828;0.001661501475609839;0.001661501475609839;0.009414762258529663;0.009414762258529663
829;0.001660107751376927;0.001660107751376927;0.009087035432457924;0.009087035432457924
830;0.0016129531431943178;0.0016129531431943178;0.008695518597960472;0.008695518597960472
831;0.0013807336799800396;0.0013807336799800396;0.009555849246680737;0.009555849246680737
832;0.00160902738571167;0.00160902738571167;0.009476916864514351;0.009476916864514351
833;0.0015155094442889094;0.0015155094442889094;0.009302265010774136;0.009302265010774136
834;0.0016842922195792198;0.0016842922195792198;0.009563603438436985;0.009563603438436985
835;0.001730792224407196;0.001730792224407196;0.009803032502532005;0.009803032502532005
836;0.0013983802637085319;0.0013983802637085319;0.008691370487213135;0.008691370487213135
837;0.0013949960703030229;0.0013949960703030229;0.00917779840528965;0.00917779840528965
838;0.0015141594922170043;0.0015141594922170043;0.009826340712606907;0.009826340712606907
839;0.0013868582900613546;0.0013868582900613546;0.008441455662250519;0.008441455662250519
840;0.0014120625564828515;0.0014120625564828515;0.009191288612782955;0.009191288612782955
841;0.0015153028070926666;0.0015153028070926666;0.009417706169188023;0.009417706169188023
842;0.001502455910667777;0.001502455910667777;0.008836325258016586;0.008836325258016586
843;0.0014141079736873507;0.0014141079736873507;0.009394083172082901;0.009394083172082901
844;0.0015063229948282242;0.0015063229948282242;0.010159160941839218;0.010159160941839218
845;0.0014898028457537293;0.0014898028457537293;0.00956860464066267;0.00956860464066267
846;0.0023694373667240143;0.0023694373667240143;0.010361461900174618;0.010361461900174618
847;0.002122427336871624;0.002122427336871624;0.009796230122447014;0.009796230122447014
848;0.0015697844792157412;0.0015697844792157412;0.009447991847991943;0.009447991847991943
849;0.0014029626036062837;0.0014029626036062837;0.00976651906967163;0.00976651906967163
850;0.0014410248259082437;0.0014410248259082437;0.009138385765254498;0.009138385765254498
851;0.0014846028061583638;0.0014846028061583638;0.010307631455361843;0.010307631455361843
852;0.0014398795319721103;0.0014398795319721103;0.009021654725074768;0.009021654725074768
853;0.0016801769379526377;0.0016801769379526377;0.009406034834682941;0.009406034834682941
854;0.002142295939847827;0.002142295939847827;0.008952192030847073;0.008952192030847073
